url,username,error,errorDescription,inputUrl,id,type,shortCode,caption,hashtags,mentions,commentsCount,firstComment,latestComments,dimensionsHeight,dimensionsWidth,displayUrl,images,alt,likesCount,timestamp,childPosts,ownerFullName,ownerUsername,ownerId,isSponsored,videoUrl,videoViewCount,videoPlayCount,productType,videoDuration,taggedUsers,musicInfo,coauthorProducers
https://www.instagram.com/zwift,zwift,not_found,Post does not exist,,,,,,,,,,,,,,,,,,,,,,,,,,,,,,
https://www.instagram.com/p/DGttriYssIa/,,,,https://www.instagram.com/triathletemag,3579718182781501978,Image,DGttriYssIa,"Understanding bike tracking is a must for traveling triathletes. At the link in the bio, we break down how devices like AirTags actually work and what they can do for you! üîó",[],[],0.0,,[],1350.0,1080.0,https://scontent-bos5-1.cdninstagram.com/v/t51.2885-15/482219891_18493496026035363_746357437639036810_n.jpg?stp=dst-jpg_e15_fr_p1080x1080_tt6&_nc_ht=scontent-bos5-1.cdninstagram.com&_nc_cat=103&_nc_oc=Q6cZ2AHp9rTvxGDkNMVT1lijQ-BQhEbU2QgwuZkFZJEip79hl_gPmrPkUZXB2w5jlOt0R0o&_nc_ohc=sLEY9oy15EMQ7kNvgGwc5rW&_nc_gid=1f6e4f71a54b4c01a33e734374bfe73f&edm=APs17CUBAAAA&ccb=7-5&oh=00_AYBMEmxPNLaTUWflkXh6zx5LmfnQ6XeNOQYZZP0EGvbILg&oe=67CB60E8&_nc_sid=10d13b,[],"Photo by Triathlete Magazine on March 02, 2025. May be an image of ‚Äémotorcycle and ‚Äétext that says '‚ÄéGates CGates P2 triathlete Can AirTags truly give you peace of mind about your bike? (And can they actually help?) ates ates ‰∏≠ ◊ô◊ì◊ô◊ô◊®◊ë ·àà·ãò·ä≠·äì‚Äé'‚Äé‚Äé.",28.0,2025-03-02T22:48:06.000Z,[],Triathlete Magazine,triathletemag,189411362,False,,,,,,,,
https://www.instagram.com/p/DGuCgU9sHKN/,,,,https://www.instagram.com/triathletemag,3579809771432211085,Image,DGuCgU9sHKN,"Everyone says ""trust your training,"" but can you trust your nutrition? ü§î Some popular products aren't delivering what they promise. Read the full breakdown at the link in bio!",[],[],0.0,,[],1350.0,1080.0,https://scontent-gig4-2.cdninstagram.com/v/t51.2885-15/482416268_18493519570035363_8107599457264606494_n.jpg?stp=dst-jpg_e15_fr_p1080x1080_tt6&_nc_ht=scontent-gig4-2.cdninstagram.com&_nc_cat=103&_nc_oc=Q6cZ2AExDE2VSZuXotCv3bP_rRFnaaLAvFnYAla3jwHq_dPnXvlVY7fmKJ9tQglC0FDB2mw&_nc_ohc=MTMKuHJMH98Q7kNvgE3l2IV&_nc_gid=7c228bb4b18c4856b0cb4e950056dac2&edm=APs17CUBAAAA&ccb=7-5&oh=00_AYC-vmRsgb6WUkb_MM1URHJttvaJcdREdadlTMnxKuz1UQ&oe=67CB3ED1&_nc_sid=10d13b,[],"Photo by Triathlete Magazine on March 02, 2025. May be an image of 1 person and text that says 'STUDY REPORT New research uncovers inaccurate calorie and carbohydrate counts in popular sports nutrition products Link in bio! triathlete'.",58.0,2025-03-03T01:50:03.000Z,[],Triathlete Magazine,triathletemag,189411362,False,,,,,,,,
https://www.instagram.com/p/DGq_nu4tgVz/,,,,https://www.instagram.com/t100triathlon,3578952661232649587,Video,DGq_nu4tgVz,"Shoes on and gone üí®

@tkspivey wasted no time in T2 at the Dubai T100 üèÉüèª‚Äç‚ôÄÔ∏è",[],['tkspivey'],14.0,Miss what?ü§°,"[{'id': '18054673460151853', 'text': 'Miss what?ü§°', 'ownerUsername': 'dragonov1990', 'ownerProfilePicUrl': 'https://scontent-gru2-1.cdninstagram.com/v/t51.2885-19/425530712_2221571354871551_6052639905309759116_n.jpg?stp=dst-jpg_s150x150_tt6&_nc_ht=scontent-gru2-1.cdninstagram.com&_nc_cat=111&_nc_oc=Q6cZ2AEqFLhddcYFfdaHGYA4p7mkJCq_O_aMDzNowQRv8Z7QNyhNKmawNwNY8Fn55GXmtKE&_nc_ohc=NfKEw4VeXCsQ7kNvgHUb0KG&_nc_gid=81f0e4a3df34482cb29dbf32edba2a80&edm=APs17CUBAAAA&ccb=7-5&oh=00_AYAPI4lbF4CkNrPvOABayZJdKQdc6H6J4_mwInZ37ORfTQ&oe=67CB5CD8&_nc_sid=10d13b', 'timestamp': '2025-03-03T05:26:42.000Z', 'repliesCount': 0, 'replies': [], 'likesCount': 0, 'owner': {'id': '64669246143', 'is_verified': False, 'profile_pic_url': 'https://scontent-gru2-1.cdninstagram.com/v/t51.2885-19/425530712_2221571354871551_6052639905309759116_n.jpg?stp=dst-jpg_s150x150_tt6&_nc_ht=scontent-gru2-1.cdninstagram.com&_nc_cat=111&_nc_oc=Q6cZ2AEqFLhddcYFfdaHGYA4p7mkJCq_O_aMDzNowQRv8Z7QNyhNKmawNwNY8Fn55GXmtKE&_nc_ohc=NfKEw4VeXCsQ7kNvgHUb0KG&_nc_gid=81f0e4a3df34482cb29dbf32edba2a80&edm=APs17CUBAAAA&ccb=7-5&oh=00_AYAPI4lbF4CkNrPvOABayZJdKQdc6H6J4_mwInZ37ORfTQ&oe=67CB5CD8&_nc_sid=10d13b', 'username': 'dragonov1990'}}, {'id': '18073208473771219', 'text': 'yasssüî•üî•üî•üé®üé®üé®üßëüèº\u200düé®üßëüèº\u200düé®üßëüèº\u200düé®üßëüèº\u200düé®', 'ownerUsername': 'editvelogirona', 'ownerProfilePicUrl': 'https://scontent-gru2-1.cdninstagram.com/v/t51.2885-19/353819997_215338414759859_2104052275585422224_n.jpg?stp=dst-jpg_s150x150_tt6&_nc_ht=scontent-gru2-1.cdninstagram.com&_nc_cat=111&_nc_oc=Q6cZ2AEqFLhddcYFfdaHGYA4p7mkJCq_O_aMDzNowQRv8Z7QNyhNKmawNwNY8Fn55GXmtKE&_nc_ohc=ocT2rC7aDqUQ7kNvgEInWM9&_nc_gid=81f0e4a3df34482cb29dbf32edba2a80&edm=APs17CUBAAAA&ccb=7-5&oh=00_AYBqn50WM6osVPLkVRaM-CljMjq3W5pv3vAAx9lAHQNN0Q&oe=67CB605B&_nc_sid=10d13b', 'timestamp': '2025-03-02T19:05:44.000Z', 'repliesCount': 0, 'replies': [], 'likesCount': 1, 'owner': {'id': '55782943823', 'is_verified': False, 'profile_pic_url': 'https://scontent-gru2-1.cdninstagram.com/v/t51.2885-19/353819997_215338414759859_2104052275585422224_n.jpg?stp=dst-jpg_s150x150_tt6&_nc_ht=scontent-gru2-1.cdninstagram.com&_nc_cat=111&_nc_oc=Q6cZ2AEqFLhddcYFfdaHGYA4p7mkJCq_O_aMDzNowQRv8Z7QNyhNKmawNwNY8Fn55GXmtKE&_nc_ohc=ocT2rC7aDqUQ7kNvgEInWM9&_nc_gid=81f0e4a3df34482cb29dbf32edba2a80&edm=APs17CUBAAAA&ccb=7-5&oh=00_AYBqn50WM6osVPLkVRaM-CljMjq3W5pv3vAAx9lAHQNN0Q&oe=67CB605B&_nc_sid=10d13b', 'username': 'editvelogirona'}}, {'id': '18055330058488607', 'text': 'üôå', 'ownerUsername': 'smart_treatment', 'ownerProfilePicUrl': 'https://scontent-gru2-2.cdninstagram.com/v/t51.2885-19/473163993_8366138833487537_3289402670824079338_n.jpg?stp=dst-jpg_s150x150_tt6&_nc_ht=scontent-gru2-2.cdninstagram.com&_nc_cat=105&_nc_oc=Q6cZ2AEqFLhddcYFfdaHGYA4p7mkJCq_O_aMDzNowQRv8Z7QNyhNKmawNwNY8Fn55GXmtKE&_nc_ohc=t_mjDM-uLU4Q7kNvgESWFHe&_nc_gid=81f0e4a3df34482cb29dbf32edba2a80&edm=APs17CUBAAAA&ccb=7-5&oh=00_AYDde18EjqCuT4PSBYmynX-Ecq-MMsil24PvNim7mNLI2Q&oe=67CB4EEB&_nc_sid=10d13b', 'timestamp': '2025-03-02T11:46:33.000Z', 'repliesCount': 0, 'replies': [], 'likesCount': 1, 'owner': {'id': '7046525944', 'is_verified': False, 'profile_pic_url': 'https://scontent-gru2-2.cdninstagram.com/v/t51.2885-19/473163993_8366138833487537_3289402670824079338_n.jpg?stp=dst-jpg_s150x150_tt6&_nc_ht=scontent-gru2-2.cdninstagram.com&_nc_cat=105&_nc_oc=Q6cZ2AEqFLhddcYFfdaHGYA4p7mkJCq_O_aMDzNowQRv8Z7QNyhNKmawNwNY8Fn55GXmtKE&_nc_ohc=t_mjDM-uLU4Q7kNvgESWFHe&_nc_gid=81f0e4a3df34482cb29dbf32edba2a80&edm=APs17CUBAAAA&ccb=7-5&oh=00_AYDde18EjqCuT4PSBYmynX-Ecq-MMsil24PvNim7mNLI2Q&oe=67CB4EEB&_nc_sid=10d13b', 'username': 'smart_treatment'}}, {'id': '18053554901155379', 'text': 'supertri transition trainingüëè', 'ownerUsername': 'pyont925', 'ownerProfilePicUrl': 'https://scontent-gru2-2.cdninstagram.com/v/t51.2885-19/475100807_1112678287004082_4121449883529615952_n.jpg?stp=dst-jpg_s150x150_tt6&_nc_ht=scontent-gru2-2.cdninstagram.com&_nc_cat=106&_nc_oc=Q6cZ2AEqFLhddcYFfdaHGYA4p7mkJCq_O_aMDzNowQRv8Z7QNyhNKmawNwNY8Fn55GXmtKE&_nc_ohc=75INqZfsHgoQ7kNvgFcFPSs&_nc_gid=81f0e4a3df34482cb29dbf32edba2a80&edm=APs17CUBAAAA&ccb=7-5&oh=00_AYCUHe18ipMGNRJ_oMYBQm3Uv0AqX_49SsZZo_Vrcc1gaQ&oe=67CB52CA&_nc_sid=10d13b', 'timestamp': '2025-03-02T05:24:31.000Z', 'repliesCount': 0, 'replies': [], 'likesCount': 1, 'owner': {'id': '61608486818', 'is_verified': False, 'profile_pic_url': 'https://scontent-gru2-2.cdninstagram.com/v/t51.2885-19/475100807_1112678287004082_4121449883529615952_n.jpg?stp=dst-jpg_s150x150_tt6&_nc_ht=scontent-gru2-2.cdninstagram.com&_nc_cat=106&_nc_oc=Q6cZ2AEqFLhddcYFfdaHGYA4p7mkJCq_O_aMDzNowQRv8Z7QNyhNKmawNwNY8Fn55GXmtKE&_nc_ohc=75INqZfsHgoQ7kNvgFcFPSs&_nc_gid=81f0e4a3df34482cb29dbf32edba2a80&edm=APs17CUBAAAA&ccb=7-5&oh=00_AYCUHe18ipMGNRJ_oMYBQm3Uv0AqX_49SsZZo_Vrcc1gaQ&oe=67CB52CA&_nc_sid=10d13b', 'username': 'pyont925'}}, {'id': '18487314721048475', 'text': 'Multi-tasking üë∏', 'ownerUsername': 'jordanblanco', 'ownerProfilePicUrl': 'https://scontent-gru2-2.cdninstagram.com/v/t51.2885-19/315445627_1539315323163206_6295504399230953347_n.jpg?stp=dst-jpg_s150x150_tt6&_nc_ht=scontent-gru2-2.cdninstagram.com&_nc_cat=102&_nc_oc=Q6cZ2AEqFLhddcYFfdaHGYA4p7mkJCq_O_aMDzNowQRv8Z7QNyhNKmawNwNY8Fn55GXmtKE&_nc_ohc=pdqnbfREnDMQ7kNvgHq8SzI&_nc_gid=81f0e4a3df34482cb29dbf32edba2a80&edm=APs17CUBAAAA&ccb=7-5&oh=00_AYAH7Vx9IPWR6Y-tZgrWySbDKq1bM9JLVe-swm2D9rRfzQ&oe=67CB4A43&_nc_sid=10d13b', 'timestamp': '2025-03-02T03:47:38.000Z', 'repliesCount': 0, 'replies': [], 'likesCount': 1, 'owner': {'id': '10033542', 'is_verified': False, 'profile_pic_url': 'https://scontent-gru2-2.cdninstagram.com/v/t51.2885-19/315445627_1539315323163206_6295504399230953347_n.jpg?stp=dst-jpg_s150x150_tt6&_nc_ht=scontent-gru2-2.cdninstagram.com&_nc_cat=102&_nc_oc=Q6cZ2AEqFLhddcYFfdaHGYA4p7mkJCq_O_aMDzNowQRv8Z7QNyhNKmawNwNY8Fn55GXmtKE&_nc_ohc=pdqnbfREnDMQ7kNvgHq8SzI&_nc_gid=81f0e4a3df34482cb29dbf32edba2a80&edm=APs17CUBAAAA&ccb=7-5&oh=00_AYAH7Vx9IPWR6Y-tZgrWySbDKq1bM9JLVe-swm2D9rRfzQ&oe=67CB4A43&_nc_sid=10d13b', 'username': 'jordanblanco'}}, {'id': '17963037113853199', 'text': 'Smooth transition!', 'ownerUsername': 'opheliagrenke', 'ownerProfilePicUrl': 'https://scontent-gru1-2.cdninstagram.com/v/t51.2885-19/281145829_558336499247451_8235608357553815540_n.jpg?stp=dst-jpg_s150x150_tt6&_nc_ht=scontent-gru1-2.cdninstagram.com&_nc_cat=103&_nc_oc=Q6cZ2AEqFLhddcYFfdaHGYA4p7mkJCq_O_aMDzNowQRv8Z7QNyhNKmawNwNY8Fn55GXmtKE&_nc_ohc=DVlM6Z6D8tcQ7kNvgEeiue4&_nc_gid=81f0e4a3df34482cb29dbf32edba2a80&edm=APs17CUBAAAA&ccb=7-5&oh=00_AYCaFflbsWZBNASHmDXilS9I3MaE-WGjJi4nH93GmkcVBQ&oe=67CB53A3&_nc_sid=10d13b', 'timestamp': '2025-03-02T01:17:33.000Z', 'repliesCount': 0, 'replies': [], 'likesCount': 1, 'owner': {'id': '11457621643', 'is_verified': False, 'profile_pic_url': 'https://scontent-gru1-2.cdninstagram.com/v/t51.2885-19/281145829_558336499247451_8235608357553815540_n.jpg?stp=dst-jpg_s150x150_tt6&_nc_ht=scontent-gru1-2.cdninstagram.com&_nc_cat=103&_nc_oc=Q6cZ2AEqFLhddcYFfdaHGYA4p7mkJCq_O_aMDzNowQRv8Z7QNyhNKmawNwNY8Fn55GXmtKE&_nc_ohc=DVlM6Z6D8tcQ7kNvgEeiue4&_nc_gid=81f0e4a3df34482cb29dbf32edba2a80&edm=APs17CUBAAAA&ccb=7-5&oh=00_AYCaFflbsWZBNASHmDXilS9I3MaE-WGjJi4nH93GmkcVBQ&oe=67CB53A3&_nc_sid=10d13b', 'username': 'opheliagrenke'}}, {'id': '17923134048041668', 'text': 'Awesome colors! üíô\U0001fa75', 'ownerUsername': 'derekd426', 'ownerProfilePicUrl': 'https://scontent-gru1-1.cdninstagram.com/v/t51.2885-19/288503411_594699012076225_3282052075611059499_n.jpg?stp=dst-jpg_s150x150_tt6&_nc_ht=scontent-gru1-1.cdninstagram.com&_nc_cat=101&_nc_oc=Q6cZ2AEqFLhddcYFfdaHGYA4p7mkJCq_O_aMDzNowQRv8Z7QNyhNKmawNwNY8Fn55GXmtKE&_nc_ohc=e5aTi2F2RfYQ7kNvgHY-apH&_nc_gid=81f0e4a3df34482cb29dbf32edba2a80&edm=APs17CUBAAAA&ccb=7-5&oh=00_AYB_nXAlRsiiv2Y01uPa5NaX-4HhW_2E8DnyDrDafl7diQ&oe=67CB6B1A&_nc_sid=10d13b', 'timestamp': '2025-03-01T22:41:28.000Z', 'repliesCount': 0, 'replies': [], 'likesCount': 2, 'owner': {'id': '54012058885', 'is_verified': False, 'profile_pic_url': 'https://scontent-gru1-1.cdninstagram.com/v/t51.2885-19/288503411_594699012076225_3282052075611059499_n.jpg?stp=dst-jpg_s150x150_tt6&_nc_ht=scontent-gru1-1.cdninstagram.com&_nc_cat=101&_nc_oc=Q6cZ2AEqFLhddcYFfdaHGYA4p7mkJCq_O_aMDzNowQRv8Z7QNyhNKmawNwNY8Fn55GXmtKE&_nc_ohc=e5aTi2F2RfYQ7kNvgHY-apH&_nc_gid=81f0e4a3df34482cb29dbf32edba2a80&edm=APs17CUBAAAA&ccb=7-5&oh=00_AYB_nXAlRsiiv2Y01uPa5NaX-4HhW_2E8DnyDrDafl7diQ&oe=67CB6B1A&_nc_sid=10d13b', 'username': 'derekd426'}}, {'id': '17948566523803961', 'text': 'No ragrets', 'ownerUsername': 'desmond_yap96', 'ownerProfilePicUrl': 'https://scontent-gru1-1.cdninstagram.com/v/t51.2885-19/470917682_870356031658624_4202809330982829976_n.jpg?stp=dst-jpg_s150x150_tt6&_nc_ht=scontent-gru1-1.cdninstagram.com&_nc_cat=104&_nc_oc=Q6cZ2AEqFLhddcYFfdaHGYA4p7mkJCq_O_aMDzNowQRv8Z7QNyhNKmawNwNY8Fn55GXmtKE&_nc_ohc=KDssShpCILsQ7kNvgG6Zefk&_nc_gid=81f0e4a3df34482cb29dbf32edba2a80&edm=APs17CUBAAAA&ccb=7-5&oh=00_AYCJ22mKJiX7zBY8ccG6HLEXP3WA0vdrlZXXG83hTmjTuw&oe=67CB51B3&_nc_sid=10d13b', 'timestamp': '2025-03-01T22:32:27.000Z', 'repliesCount': 0, 'replies': [], 'likesCount': 1, 'owner': {'id': '59587249617', 'is_verified': False, 'profile_pic_url': 'https://scontent-gru1-1.cdninstagram.com/v/t51.2885-19/470917682_870356031658624_4202809330982829976_n.jpg?stp=dst-jpg_s150x150_tt6&_nc_ht=scontent-gru1-1.cdninstagram.com&_nc_cat=104&_nc_oc=Q6cZ2AEqFLhddcYFfdaHGYA4p7mkJCq_O_aMDzNowQRv8Z7QNyhNKmawNwNY8Fn55GXmtKE&_nc_ohc=KDssShpCILsQ7kNvgG6Zefk&_nc_gid=81f0e4a3df34482cb29dbf32edba2a80&edm=APs17CUBAAAA&ccb=7-5&oh=00_AYCJ22mKJiX7zBY8ccG6HLEXP3WA0vdrlZXXG83hTmjTuw&oe=67CB51B3&_nc_sid=10d13b', 'username': 'desmond_yap96'}}, {'id': '17919215460061615', 'text': 'üëè', 'ownerUsername': 'robin.kasem', 'ownerProfilePicUrl': 'https://scontent-gru1-2.cdninstagram.com/v/t51.2885-19/240890609_1178679529299332_5749213135101385554_n.jpg?stp=dst-jpg_s150x150_tt6&_nc_ht=scontent-gru1-2.cdninstagram.com&_nc_cat=108&_nc_oc=Q6cZ2AEqFLhddcYFfdaHGYA4p7mkJCq_O_aMDzNowQRv8Z7QNyhNKmawNwNY8Fn55GXmtKE&_nc_ohc=i9vSqldYsL8Q7kNvgHTNv0s&_nc_gid=81f0e4a3df34482cb29dbf32edba2a80&edm=APs17CUBAAAA&ccb=7-5&oh=00_AYCA37dmNJ2pDvUbv_xbEDPt8eZ5Z5mLcqcftD98oA5wxw&oe=67CB4DB6&_nc_sid=10d13b', 'timestamp': '2025-03-01T22:27:59.000Z', 'repliesCount': 0, 'replies': [], 'likesCount': 1, 'owner': {'id': '2149655223', 'is_verified': False, 'profile_pic_url': 'https://scontent-gru1-2.cdninstagram.com/v/t51.2885-19/240890609_1178679529299332_5749213135101385554_n.jpg?stp=dst-jpg_s150x150_tt6&_nc_ht=scontent-gru1-2.cdninstagram.com&_nc_cat=108&_nc_oc=Q6cZ2AEqFLhddcYFfdaHGYA4p7mkJCq_O_aMDzNowQRv8Z7QNyhNKmawNwNY8Fn55GXmtKE&_nc_ohc=i9vSqldYsL8Q7kNvgHTNv0s&_nc_gid=81f0e4a3df34482cb29dbf32edba2a80&edm=APs17CUBAAAA&ccb=7-5&oh=00_AYCA37dmNJ2pDvUbv_xbEDPt8eZ5Z5mLcqcftD98oA5wxw&oe=67CB4DB6&_nc_sid=10d13b', 'username': 'robin.kasem'}}, {'id': '18053887814160878', 'text': 'üî•üî•üî•üî•üî•üî•', 'ownerUsername': 'whool1o', 'ownerProfilePicUrl': 'https://scontent-gru2-2.cdninstagram.com/v/t51.2885-19/471548019_1404075627663950_8783675137747099862_n.jpg?stp=dst-jpg_s150x150_tt6&_nc_ht=scontent-gru2-2.cdninstagram.com&_nc_cat=102&_nc_oc=Q6cZ2AEqFLhddcYFfdaHGYA4p7mkJCq_O_aMDzNowQRv8Z7QNyhNKmawNwNY8Fn55GXmtKE&_nc_ohc=EaVUON3wsbMQ7kNvgFWo5KF&_nc_gid=81f0e4a3df34482cb29dbf32edba2a80&edm=APs17CUBAAAA&ccb=7-5&oh=00_AYAjlM91XUEJT2KQbrY9WRP-Rk9hOj1MepavZ5t6r1x_MA&oe=67CB6512&_nc_sid=10d13b', 'timestamp': '2025-03-01T22:23:49.000Z', 'repliesCount': 0, 'replies': [], 'likesCount': 2, 'owner': {'id': '58711712926', 'is_verified': False, 'profile_pic_url': 'https://scontent-gru2-2.cdninstagram.com/v/t51.2885-19/471548019_1404075627663950_8783675137747099862_n.jpg?stp=dst-jpg_s150x150_tt6&_nc_ht=scontent-gru2-2.cdninstagram.com&_nc_cat=102&_nc_oc=Q6cZ2AEqFLhddcYFfdaHGYA4p7mkJCq_O_aMDzNowQRv8Z7QNyhNKmawNwNY8Fn55GXmtKE&_nc_ohc=EaVUON3wsbMQ7kNvgFWo5KF&_nc_gid=81f0e4a3df34482cb29dbf32edba2a80&edm=APs17CUBAAAA&ccb=7-5&oh=00_AYAjlM91XUEJT2KQbrY9WRP-Rk9hOj1MepavZ5t6r1x_MA&oe=67CB6512&_nc_sid=10d13b', 'username': 'whool1o'}}]",1333.0,750.0,https://scontent-gru1-2.cdninstagram.com/v/t51.2885-15/482584488_18145546801375210_2953007472463786455_n.jpg?stp=dst-jpg_e15_tt6&_nc_ht=scontent-gru1-2.cdninstagram.com&_nc_cat=110&_nc_oc=Q6cZ2AEqFLhddcYFfdaHGYA4p7mkJCq_O_aMDzNowQRv8Z7QNyhNKmawNwNY8Fn55GXmtKE&_nc_ohc=NchUKJnUzPwQ7kNvgEaBcAM&_nc_gid=81f0e4a3df34482cb29dbf32edba2a80&edm=APs17CUBAAAA&ccb=7-5&oh=00_AYA2e8hxNizvmO4TEoqb4imehlfPiQxQQ_WKPR5e86QazQ&oe=67CB3486&_nc_sid=10d13b,[],,3750.0,2025-03-01T21:44:30.000Z,[],T100 Triathlon World Tour,t100triathlon,11219783209,False,https://scontent-gru2-2.cdninstagram.com/o1/v/t16/f2/m86/AQOCtLX47L6r5wf62Dbh7ic3bp8Cm5vGopMZEvAa7JM9QilfltZwYjpaAWSt4yp4feDXzCSZhuhsfIESNa1NMZb48H9zo4SnjrLAnSQ.mp4?stp=dst-mp4&efg=eyJxZV9ncm91cHMiOiJbXCJpZ193ZWJfZGVsaXZlcnlfdnRzX290ZlwiXSIsInZlbmNvZGVfdGFnIjoidnRzX3ZvZF91cmxnZW4uY2xpcHMuYzIuNzIwLmJhc2VsaW5lIn0&_nc_cat=102&vs=620986897461772_2742242482&_nc_vs=HBksFQIYUmlnX3hwdl9yZWVsc19wZXJtYW5lbnRfc3JfcHJvZC80MTRDQkVCNjVBQ0VGNTQwRjNERTE5NDI5MDEyMzc5NV92aWRlb19kYXNoaW5pdC5tcDQVAALIAQAVAhg6cGFzc3Rocm91Z2hfZXZlcnN0b3JlL0dCQzh2aHc0RktMMHZ0Y0VBSnZVOWlROXhuWk5icV9FQUFBRhUCAsgBACgAGAAbABUAACbWhdXTnuffPxUCKAJDMywXQC%2B7ZFocrAgYEmRhc2hfYmFzZWxpbmVfMV92MREAdf4HAA%3D%3D&_nc_rid=81f0e3c212&ccb=9-4&oh=00_AYABs2h6e_tYWpPugY9PzlVKQeqEQfCjTUA4iOHUM2TThA&oe=67C757C9&_nc_sid=10d13b,67570.0,202147.0,clips,15.866,"[{'full_name': 'Eurosport', 'id': '187701049', 'is_verified': True, 'profile_pic_url': 'https://scontent-gru2-1.cdninstagram.com/v/t51.2885-19/449692287_2490203174515075_8012313965055810026_n.jpg?stp=dst-jpg_s150x150_tt6&_nc_ht=scontent-gru2-1.cdninstagram.com&_nc_cat=1&_nc_oc=Q6cZ2AEqFLhddcYFfdaHGYA4p7mkJCq_O_aMDzNowQRv8Z7QNyhNKmawNwNY8Fn55GXmtKE&_nc_ohc=N89ytK5LHEoQ7kNvgFXL5ss&_nc_gid=81f0e4a3df34482cb29dbf32edba2a80&edm=APs17CUBAAAA&ccb=7-5&oh=00_AYCJVC23KkN4HQZ3jKKnhvrd9oIdGSfmDpnMWGAQTNCJeQ&oe=67CB44C9&_nc_sid=10d13b', 'username': 'eurosport'}, {'full_name': 'World Triathlon', 'id': '404490115', 'is_verified': True, 'profile_pic_url': 'https://scontent-gru1-2.cdninstagram.com/v/t51.2885-19/292771238_726713071885714_5345747608461024129_n.jpg?stp=dst-jpg_s150x150_tt6&_nc_ht=scontent-gru1-2.cdninstagram.com&_nc_cat=110&_nc_oc=Q6cZ2AEqFLhddcYFfdaHGYA4p7mkJCq_O_aMDzNowQRv8Z7QNyhNKmawNwNY8Fn55GXmtKE&_nc_ohc=HIvm9q0LehAQ7kNvgHys7KG&_nc_gid=81f0e4a3df34482cb29dbf32edba2a80&edm=APs17CUBAAAA&ccb=7-5&oh=00_AYD1xO1cnk9tdXpacjZGUrpwQ3IX2GYJ2Qh4iyP115IiUQ&oe=67CB633A&_nc_sid=10d13b', 'username': 'worldtriathlon'}, {'full_name': 'Taylor Spivey', 'id': '11516557', 'is_verified': True, 'profile_pic_url': 'https://scontent-gru2-1.cdninstagram.com/v/t51.2885-19/350570773_2350559185123339_6720172712194136573_n.jpg?stp=dst-jpg_s150x150_tt6&_nc_ht=scontent-gru2-1.cdninstagram.com&_nc_cat=107&_nc_oc=Q6cZ2AEqFLhddcYFfdaHGYA4p7mkJCq_O_aMDzNowQRv8Z7QNyhNKmawNwNY8Fn55GXmtKE&_nc_ohc=UJxyMpGx074Q7kNvgGD1iMy&_nc_gid=81f0e4a3df34482cb29dbf32edba2a80&edm=APs17CUBAAAA&ccb=7-5&oh=00_AYCdRrY3_a09T1dvIDfTfbBKKEtvH4Lahv8m4dsdy1lDZw&oe=67CB5A33&_nc_sid=10d13b', 'username': 'tkspivey'}]","{'artist_name': 'freyakillin', 'song_name': 'Original audio', 'uses_original_audio': True, 'should_mute_audio': False, 'should_mute_audio_reason': '', 'audio_id': '1293699921652066'}","[{'id': '404490115', 'is_verified': True, 'profile_pic_url': 'https://scontent-gru1-2.cdninstagram.com/v/t51.2885-19/292771238_726713071885714_5345747608461024129_n.jpg?stp=dst-jpg_s150x150_tt6&_nc_ht=scontent-gru1-2.cdninstagram.com&_nc_cat=110&_nc_oc=Q6cZ2AEqFLhddcYFfdaHGYA4p7mkJCq_O_aMDzNowQRv8Z7QNyhNKmawNwNY8Fn55GXmtKE&_nc_ohc=HIvm9q0LehAQ7kNvgHys7KG&_nc_gid=81f0e4a3df34482cb29dbf32edba2a80&edm=APs17CUBAAAA&ccb=7-5&oh=00_AYD1xO1cnk9tdXpacjZGUrpwQ3IX2GYJ2Qh4iyP115IiUQ&oe=67CB633A&_nc_sid=10d13b', 'username': 'worldtriathlon'}, {'id': '11516557', 'is_verified': True, 'profile_pic_url': 'https://scontent-gru2-1.cdninstagram.com/v/t51.2885-19/350570773_2350559185123339_6720172712194136573_n.jpg?stp=dst-jpg_s150x150_tt6&_nc_ht=scontent-gru2-1.cdninstagram.com&_nc_cat=107&_nc_oc=Q6cZ2AEqFLhddcYFfdaHGYA4p7mkJCq_O_aMDzNowQRv8Z7QNyhNKmawNwNY8Fn55GXmtKE&_nc_ohc=UJxyMpGx074Q7kNvgGD1iMy&_nc_gid=81f0e4a3df34482cb29dbf32edba2a80&edm=APs17CUBAAAA&ccb=7-5&oh=00_AYCdRrY3_a09T1dvIDfTfbBKKEtvH4Lahv8m4dsdy1lDZw&oe=67CB5A33&_nc_sid=10d13b', 'username': 'tkspivey'}]"
https://www.instagram.com/p/DGthG66tYOH/,,,,https://www.instagram.com/t100triathlon,3579662889943139207,Image,DGthG66tYOH,"Outrageous speed üòÆ‚Äçüí®

@gentle_ash and @martenvanriel came out on top with the fastest run average in the T100 Triathlon World Tour last year üëè

*Calculated using each athlete‚Äôs quickest three T100 run splits ü§ì",[],"['gentle_ash', 'martenvanriel']",12.0,üò±üò±üò±,"[{'id': '17847157278424327', 'text': 'üò±üò±üò±', 'ownerUsername': 'duque_sbr', 'ownerProfilePicUrl': 'https://instagram.fmel16-1.fna.fbcdn.net/v/t51.2885-19/478491415_682317960791870_1754052000618520422_n.jpg?stp=dst-jpg_s150x150_tt6&_nc_ht=instagram.fmel16-1.fna.fbcdn.net&_nc_cat=102&_nc_oc=Q6cZ2AHJEIkV7OYN81R898jPWUQhJda536a2jJbjYg-mAwCy2VT-eurQardEGKD5ykx6Ulk&_nc_ohc=DGbK5de7h28Q7kNvgHPGmD0&_nc_gid=c7491e2c48dd437f8387086fb819e4a7&edm=APs17CUBAAAA&ccb=7-5&oh=00_AYBDSykrbLjph2AptMe5wWtUMW5FFLlNlbColg0aXIomMg&oe=67CB5C8E&_nc_sid=10d13b', 'timestamp': '2025-03-03T06:11:42.000Z', 'repliesCount': 0, 'replies': [], 'likesCount': 1, 'owner': {'id': '68455864134', 'is_verified': False, 'profile_pic_url': 'https://instagram.fmel16-1.fna.fbcdn.net/v/t51.2885-19/478491415_682317960791870_1754052000618520422_n.jpg?stp=dst-jpg_s150x150_tt6&_nc_ht=instagram.fmel16-1.fna.fbcdn.net&_nc_cat=102&_nc_oc=Q6cZ2AHJEIkV7OYN81R898jPWUQhJda536a2jJbjYg-mAwCy2VT-eurQardEGKD5ykx6Ulk&_nc_ohc=DGbK5de7h28Q7kNvgHPGmD0&_nc_gid=c7491e2c48dd437f8387086fb819e4a7&edm=APs17CUBAAAA&ccb=7-5&oh=00_AYBDSykrbLjph2AptMe5wWtUMW5FFLlNlbColg0aXIomMg&oe=67CB5C8E&_nc_sid=10d13b', 'username': 'duque_sbr'}}, {'id': '18056087042486880', 'text': 'Gimme 5 per k', 'ownerUsername': 'life_of_t_goof', 'ownerProfilePicUrl': 'https://instagram.fmel16-1.fna.fbcdn.net/v/t51.2885-19/158458243_481615216347960_8581288638328186433_n.jpg?stp=dst-jpg_s150x150_tt6&_nc_ht=instagram.fmel16-1.fna.fbcdn.net&_nc_cat=100&_nc_oc=Q6cZ2AHJEIkV7OYN81R898jPWUQhJda536a2jJbjYg-mAwCy2VT-eurQardEGKD5ykx6Ulk&_nc_ohc=dZ1aCeDzaK0Q7kNvgEVUHTn&_nc_gid=c7491e2c48dd437f8387086fb819e4a7&edm=APs17CUBAAAA&ccb=7-5&oh=00_AYAAV807-b3dcRwmXuV6taHdNPGVs-M35bvNgbizzrqKnQ&oe=67CB48D6&_nc_sid=10d13b', 'timestamp': '2025-03-03T06:09:16.000Z', 'repliesCount': 0, 'replies': [], 'likesCount': 1, 'owner': {'id': '185142153', 'is_verified': False, 'profile_pic_url': 'https://instagram.fmel16-1.fna.fbcdn.net/v/t51.2885-19/158458243_481615216347960_8581288638328186433_n.jpg?stp=dst-jpg_s150x150_tt6&_nc_ht=instagram.fmel16-1.fna.fbcdn.net&_nc_cat=100&_nc_oc=Q6cZ2AHJEIkV7OYN81R898jPWUQhJda536a2jJbjYg-mAwCy2VT-eurQardEGKD5ykx6Ulk&_nc_ohc=dZ1aCeDzaK0Q7kNvgEVUHTn&_nc_gid=c7491e2c48dd437f8387086fb819e4a7&edm=APs17CUBAAAA&ccb=7-5&oh=00_AYAAV807-b3dcRwmXuV6taHdNPGVs-M35bvNgbizzrqKnQ&oe=67CB48D6&_nc_sid=10d13b', 'username': 'life_of_t_goof'}}, {'id': '17897470887154314', 'text': '7 lol', 'ownerUsername': 'dragunovacitra', 'ownerProfilePicUrl': 'https://instagram.fmel16-1.fna.fbcdn.net/v/t51.2885-19/474963475_3969903893256267_3097400148345363176_n.jpg?stp=dst-jpg_s150x150_tt6&_nc_ht=instagram.fmel16-1.fna.fbcdn.net&_nc_cat=103&_nc_oc=Q6cZ2AHJEIkV7OYN81R898jPWUQhJda536a2jJbjYg-mAwCy2VT-eurQardEGKD5ykx6Ulk&_nc_ohc=xHFf6ZTZk3UQ7kNvgEj43FM&_nc_gid=c7491e2c48dd437f8387086fb819e4a7&edm=APs17CUBAAAA&ccb=7-5&oh=00_AYDSuW4LRB-InyloaynpqenOvyrxYbO7etdXwaicCFK-rA&oe=67CB4D70&_nc_sid=10d13b', 'timestamp': '2025-03-02T23:14:20.000Z', 'repliesCount': 0, 'replies': [], 'likesCount': 1, 'owner': {'id': '6084871683', 'is_verified': False, 'profile_pic_url': 'https://instagram.fmel16-1.fna.fbcdn.net/v/t51.2885-19/474963475_3969903893256267_3097400148345363176_n.jpg?stp=dst-jpg_s150x150_tt6&_nc_ht=instagram.fmel16-1.fna.fbcdn.net&_nc_cat=103&_nc_oc=Q6cZ2AHJEIkV7OYN81R898jPWUQhJda536a2jJbjYg-mAwCy2VT-eurQardEGKD5ykx6Ulk&_nc_ohc=xHFf6ZTZk3UQ7kNvgEj43FM&_nc_gid=c7491e2c48dd437f8387086fb819e4a7&edm=APs17CUBAAAA&ccb=7-5&oh=00_AYDSuW4LRB-InyloaynpqenOvyrxYbO7etdXwaicCFK-rA&oe=67CB4D70&_nc_sid=10d13b', 'username': 'dragunovacitra'}}, {'id': '18052167841964758', 'text': '03:16 √© loucura', 'ownerUsername': 'ivan__amorim', 'ownerProfilePicUrl': 'https://instagram.fmel16-1.fna.fbcdn.net/v/t51.2885-19/475284433_1675027033366802_4807756932793073884_n.jpg?stp=dst-jpg_s150x150_tt6&_nc_ht=instagram.fmel16-1.fna.fbcdn.net&_nc_cat=102&_nc_oc=Q6cZ2AHJEIkV7OYN81R898jPWUQhJda536a2jJbjYg-mAwCy2VT-eurQardEGKD5ykx6Ulk&_nc_ohc=M3cvDivo6LwQ7kNvgHjZkcM&_nc_gid=c7491e2c48dd437f8387086fb819e4a7&edm=APs17CUBAAAA&ccb=7-5&oh=00_AYBS-_IIUGqMS4ky_z9nYXmqeM7jWdEcYgPlD3c8-kt_wA&oe=67CB5A13&_nc_sid=10d13b', 'timestamp': '2025-03-02T23:10:42.000Z', 'repliesCount': 0, 'replies': [], 'likesCount': 0, 'owner': {'id': '5117845423', 'is_verified': False, 'profile_pic_url': 'https://instagram.fmel16-1.fna.fbcdn.net/v/t51.2885-19/475284433_1675027033366802_4807756932793073884_n.jpg?stp=dst-jpg_s150x150_tt6&_nc_ht=instagram.fmel16-1.fna.fbcdn.net&_nc_cat=102&_nc_oc=Q6cZ2AHJEIkV7OYN81R898jPWUQhJda536a2jJbjYg-mAwCy2VT-eurQardEGKD5ykx6Ulk&_nc_ohc=M3cvDivo6LwQ7kNvgHjZkcM&_nc_gid=c7491e2c48dd437f8387086fb819e4a7&edm=APs17CUBAAAA&ccb=7-5&oh=00_AYBS-_IIUGqMS4ky_z9nYXmqeM7jWdEcYgPlD3c8-kt_wA&oe=67CB5A13&_nc_sid=10d13b', 'username': 'ivan__amorim'}}, {'id': '18057044464890226', 'text': 'üî•üî•üî•üòµ', 'ownerUsername': 'run_bike77', 'ownerProfilePicUrl': 'https://instagram.fmel16-1.fna.fbcdn.net/v/t51.2885-19/461084744_542314714997593_2945981319348540987_n.jpg?stp=dst-jpg_s150x150_tt6&_nc_ht=instagram.fmel16-1.fna.fbcdn.net&_nc_cat=1&_nc_oc=Q6cZ2AHJEIkV7OYN81R898jPWUQhJda536a2jJbjYg-mAwCy2VT-eurQardEGKD5ykx6Ulk&_nc_ohc=NGQm57JWG18Q7kNvgGYLT_b&_nc_gid=c7491e2c48dd437f8387086fb819e4a7&edm=APs17CUBAAAA&ccb=7-5&oh=00_AYAldkYVvhQ2AhAwpPUS4WARsOvLRRZr4dStJ8oe8o5uCw&oe=67CB3DB5&_nc_sid=10d13b', 'timestamp': '2025-03-02T22:25:38.000Z', 'repliesCount': 0, 'replies': [], 'likesCount': 0, 'owner': {'id': '2985691734', 'is_verified': False, 'profile_pic_url': 'https://instagram.fmel16-1.fna.fbcdn.net/v/t51.2885-19/461084744_542314714997593_2945981319348540987_n.jpg?stp=dst-jpg_s150x150_tt6&_nc_ht=instagram.fmel16-1.fna.fbcdn.net&_nc_cat=1&_nc_oc=Q6cZ2AHJEIkV7OYN81R898jPWUQhJda536a2jJbjYg-mAwCy2VT-eurQardEGKD5ykx6Ulk&_nc_ohc=NGQm57JWG18Q7kNvgGYLT_b&_nc_gid=c7491e2c48dd437f8387086fb819e4a7&edm=APs17CUBAAAA&ccb=7-5&oh=00_AYAldkYVvhQ2AhAwpPUS4WARsOvLRRZr4dStJ8oe8o5uCw&oe=67CB3DB5&_nc_sid=10d13b', 'username': 'run_bike77'}}, {'id': '17973925559699621', 'text': '~3:57min/km, so I would definitely get chicked by Ash üòÖ', 'ownerUsername': 'alexandergretener', 'ownerProfilePicUrl': 'https://instagram.fmel16-1.fna.fbcdn.net/v/t51.2885-19/234607625_595645078510864_5791459949435204114_n.jpg?stp=dst-jpg_s150x150_tt6&_nc_ht=instagram.fmel16-1.fna.fbcdn.net&_nc_cat=104&_nc_oc=Q6cZ2AHJEIkV7OYN81R898jPWUQhJda536a2jJbjYg-mAwCy2VT-eurQardEGKD5ykx6Ulk&_nc_ohc=83xIEKqQdqYQ7kNvgFKAryl&_nc_gid=c7491e2c48dd437f8387086fb819e4a7&edm=APs17CUBAAAA&ccb=7-5&oh=00_AYA17J1gWDRHWTJux_usOs4fGpmmheavg2dfuLhHWhAzdQ&oe=67CB60E3&_nc_sid=10d13b', 'timestamp': '2025-03-02T21:57:04.000Z', 'repliesCount': 0, 'replies': [], 'likesCount': 0, 'owner': {'id': '3641877304', 'is_verified': False, 'profile_pic_url': 'https://instagram.fmel16-1.fna.fbcdn.net/v/t51.2885-19/234607625_595645078510864_5791459949435204114_n.jpg?stp=dst-jpg_s150x150_tt6&_nc_ht=instagram.fmel16-1.fna.fbcdn.net&_nc_cat=104&_nc_oc=Q6cZ2AHJEIkV7OYN81R898jPWUQhJda536a2jJbjYg-mAwCy2VT-eurQardEGKD5ykx6Ulk&_nc_ohc=83xIEKqQdqYQ7kNvgFKAryl&_nc_gid=c7491e2c48dd437f8387086fb819e4a7&edm=APs17CUBAAAA&ccb=7-5&oh=00_AYA17J1gWDRHWTJux_usOs4fGpmmheavg2dfuLhHWhAzdQ&oe=67CB60E3&_nc_sid=10d13b', 'username': 'alexandergretener'}}, {'id': '17912645319083079', 'text': '@r_dolsyy you‚Äôre a bit of a gun‚Ä¶.. üèÉ\u200d‚ôÄÔ∏è üí®', 'ownerUsername': '_ironmansam_', 'ownerProfilePicUrl': 'https://instagram.fmel16-1.fna.fbcdn.net/v/t51.2885-19/451503843_848083573927099_659347819590667980_n.jpg?stp=dst-jpg_s150x150_tt6&_nc_ht=instagram.fmel16-1.fna.fbcdn.net&_nc_cat=107&_nc_oc=Q6cZ2AHJEIkV7OYN81R898jPWUQhJda536a2jJbjYg-mAwCy2VT-eurQardEGKD5ykx6Ulk&_nc_ohc=mIepQg9EL5AQ7kNvgEoRtpi&_nc_gid=c7491e2c48dd437f8387086fb819e4a7&edm=APs17CUBAAAA&ccb=7-5&oh=00_AYD4-GIQ5y-nVP9p5cQlsFYZ2myxKnc1fhK1EsRdqBX09w&oe=67CB6AAF&_nc_sid=10d13b', 'timestamp': '2025-03-02T21:17:39.000Z', 'repliesCount': 1, 'replies': [{'id': '18092251960488554', 'text': '@_ironmansam_ I could easily beat that ü§•ü§£ü§£', 'ownerUsername': 'r_dolsyy', 'ownerProfilePicUrl': 'https://instagram.fmel16-1.fna.fbcdn.net/v/t51.2885-19/412599065_1837135180104909_772599846572342271_n.jpg?stp=dst-jpg_s150x150_tt6&_nc_ht=instagram.fmel16-1.fna.fbcdn.net&_nc_cat=1&_nc_oc=Q6cZ2AHJEIkV7OYN81R898jPWUQhJda536a2jJbjYg-mAwCy2VT-eurQardEGKD5ykx6Ulk&_nc_ohc=3EaIt4jfgrwQ7kNvgEEOzoh&_nc_gid=c7491e2c48dd437f8387086fb819e4a7&edm=APs17CUBAAAA&ccb=7-5&oh=00_AYA3CbgLgSTKAgjb9cmesxc7spfFHHJBb1ZCk8yaP2Hitw&oe=67CB509A&_nc_sid=10d13b', 'timestamp': '2025-03-02T21:47:23.000Z', 'repliesCount': 0, 'replies': [], 'likesCount': 0, 'owner': {'id': '5827270707', 'is_verified': False, 'profile_pic_url': 'https://instagram.fmel16-1.fna.fbcdn.net/v/t51.2885-19/412599065_1837135180104909_772599846572342271_n.jpg?stp=dst-jpg_s150x150_tt6&_nc_ht=instagram.fmel16-1.fna.fbcdn.net&_nc_cat=1&_nc_oc=Q6cZ2AHJEIkV7OYN81R898jPWUQhJda536a2jJbjYg-mAwCy2VT-eurQardEGKD5ykx6Ulk&_nc_ohc=3EaIt4jfgrwQ7kNvgEEOzoh&_nc_gid=c7491e2c48dd437f8387086fb819e4a7&edm=APs17CUBAAAA&ccb=7-5&oh=00_AYA3CbgLgSTKAgjb9cmesxc7spfFHHJBb1ZCk8yaP2Hitw&oe=67CB509A&_nc_sid=10d13b', 'username': 'r_dolsyy'}}], 'likesCount': 0, 'owner': {'id': '5651096160', 'is_verified': False, 'profile_pic_url': 'https://instagram.fmel16-1.fna.fbcdn.net/v/t51.2885-19/451503843_848083573927099_659347819590667980_n.jpg?stp=dst-jpg_s150x150_tt6&_nc_ht=instagram.fmel16-1.fna.fbcdn.net&_nc_cat=107&_nc_oc=Q6cZ2AHJEIkV7OYN81R898jPWUQhJda536a2jJbjYg-mAwCy2VT-eurQardEGKD5ykx6Ulk&_nc_ohc=mIepQg9EL5AQ7kNvgEoRtpi&_nc_gid=c7491e2c48dd437f8387086fb819e4a7&edm=APs17CUBAAAA&ccb=7-5&oh=00_AYD4-GIQ5y-nVP9p5cQlsFYZ2myxKnc1fhK1EsRdqBX09w&oe=67CB6AAF&_nc_sid=10d13b', 'username': '_ironmansam_'}}, {'id': '18503233501032632', 'text': '""*Calculated using each athlete‚Äôs quickest three T100 run splits ü§ì"" Well played! (Conclude Ibiza run short.)', 'ownerUsername': 'johnwrye', 'ownerProfilePicUrl': 'https://instagram.fmel16-1.fna.fbcdn.net/v/t51.2885-19/437986989_937248391296680_4026850970847871990_n.jpg?stp=dst-jpg_s150x150_tt6&_nc_ht=instagram.fmel16-1.fna.fbcdn.net&_nc_cat=108&_nc_oc=Q6cZ2AHJEIkV7OYN81R898jPWUQhJda536a2jJbjYg-mAwCy2VT-eurQardEGKD5ykx6Ulk&_nc_ohc=MFIyzpfq-IUQ7kNvgHvBhyL&_nc_gid=c7491e2c48dd437f8387086fb819e4a7&edm=APs17CUBAAAA&ccb=7-5&oh=00_AYCfbaEs5HH9WKQhrr55u80eHeK2DGn7t570NuYHIdyv5Q&oe=67CB3B03&_nc_sid=10d13b', 'timestamp': '2025-03-02T21:12:17.000Z', 'repliesCount': 0, 'replies': [], 'likesCount': 0, 'owner': {'id': '26803354944', 'is_verified': False, 'profile_pic_url': 'https://instagram.fmel16-1.fna.fbcdn.net/v/t51.2885-19/437986989_937248391296680_4026850970847871990_n.jpg?stp=dst-jpg_s150x150_tt6&_nc_ht=instagram.fmel16-1.fna.fbcdn.net&_nc_cat=108&_nc_oc=Q6cZ2AHJEIkV7OYN81R898jPWUQhJda536a2jJbjYg-mAwCy2VT-eurQardEGKD5ykx6Ulk&_nc_ohc=MFIyzpfq-IUQ7kNvgHvBhyL&_nc_gid=c7491e2c48dd437f8387086fb819e4a7&edm=APs17CUBAAAA&ccb=7-5&oh=00_AYCfbaEs5HH9WKQhrr55u80eHeK2DGn7t570NuYHIdyv5Q&oe=67CB3B03&_nc_sid=10d13b', 'username': 'johnwrye'}}, {'id': '17949996218928716', 'text': ""I'll take that 3:16 and raise you another 3:44"", 'ownerUsername': 'j.spencer.tri', 'ownerProfilePicUrl': 'https://instagram.fmel16-1.fna.fbcdn.net/v/t51.2885-19/479173289_926132579696007_2372075135844359253_n.jpg?stp=dst-jpg_s150x150_tt6&_nc_ht=instagram.fmel16-1.fna.fbcdn.net&_nc_cat=103&_nc_oc=Q6cZ2AHJEIkV7OYN81R898jPWUQhJda536a2jJbjYg-mAwCy2VT-eurQardEGKD5ykx6Ulk&_nc_ohc=4v2h_ugqWjsQ7kNvgGI-Gs9&_nc_gid=c7491e2c48dd437f8387086fb819e4a7&edm=APs17CUBAAAA&ccb=7-5&oh=00_AYDpPASjO5IUFPto9gkpDwXFLYCxcfDry6bNDU7TNUVYmg&oe=67CB51EA&_nc_sid=10d13b', 'timestamp': '2025-03-02T21:06:51.000Z', 'repliesCount': 0, 'replies': [], 'likesCount': 9, 'owner': {'id': '60649227848', 'is_verified': False, 'profile_pic_url': 'https://instagram.fmel16-1.fna.fbcdn.net/v/t51.2885-19/479173289_926132579696007_2372075135844359253_n.jpg?stp=dst-jpg_s150x150_tt6&_nc_ht=instagram.fmel16-1.fna.fbcdn.net&_nc_cat=103&_nc_oc=Q6cZ2AHJEIkV7OYN81R898jPWUQhJda536a2jJbjYg-mAwCy2VT-eurQardEGKD5ykx6Ulk&_nc_ohc=4v2h_ugqWjsQ7kNvgGI-Gs9&_nc_gid=c7491e2c48dd437f8387086fb819e4a7&edm=APs17CUBAAAA&ccb=7-5&oh=00_AYDpPASjO5IUFPto9gkpDwXFLYCxcfDry6bNDU7TNUVYmg&oe=67CB51EA&_nc_sid=10d13b', 'username': 'j.spencer.tri'}}]",1350.0,1080.0,https://instagram.fmel16-1.fna.fbcdn.net/v/t51.2885-15/482760974_18145654729375210_2462172446128184137_n.jpg?stp=dst-jpg_e35_p1080x1080_sh0.08_tt6&_nc_ht=instagram.fmel16-1.fna.fbcdn.net&_nc_cat=1&_nc_oc=Q6cZ2AHJEIkV7OYN81R898jPWUQhJda536a2jJbjYg-mAwCy2VT-eurQardEGKD5ykx6Ulk&_nc_ohc=rdSXszDyAVQQ7kNvgFAsATV&_nc_gid=c7491e2c48dd437f8387086fb819e4a7&edm=APs17CUBAAAA&ccb=7-5&oh=00_AYBHEv_QnWN7lZjH6x6gBtOjleS0FJgs173lhERBEboTCw&oe=67CB69D5&_nc_sid=10d13b,[],"Photo shared by T100 Triathlon World Tour on March 02, 2025 tagging @eurosport, @worldtriathlon, @gentle_ash, and @martenvanriel. May be an image of 3 people, sweatband and text that says ""NBull WHAT PACE €≤ Dsea Sea GENTI ARE ZiP aeso YOU PUTTING DOWN FOR 18KM? Bartin V BEC 3:35 MIN/KM 3:46 MIN/KM MIN"".",2241.0,2025-03-02T20:58:11.000Z,[],T100 Triathlon World Tour,t100triathlon,11219783209,False,,,,,,"[{'full_name': 'Eurosport', 'id': '187701049', 'is_verified': True, 'profile_pic_url': 'https://instagram.fmel16-1.fna.fbcdn.net/v/t51.2885-19/449692287_2490203174515075_8012313965055810026_n.jpg?stp=dst-jpg_s150x150_tt6&_nc_ht=instagram.fmel16-1.fna.fbcdn.net&_nc_cat=1&_nc_oc=Q6cZ2AHJEIkV7OYN81R898jPWUQhJda536a2jJbjYg-mAwCy2VT-eurQardEGKD5ykx6Ulk&_nc_ohc=N89ytK5LHEoQ7kNvgHTfFCH&_nc_gid=c7491e2c48dd437f8387086fb819e4a7&edm=APs17CUBAAAA&ccb=7-5&oh=00_AYD4xDRpYqkaIPeobtRftvhw99dCS35sG5lTX0yIS8aQyQ&oe=67CB44C9&_nc_sid=10d13b', 'username': 'eurosport'}, {'full_name': 'World Triathlon', 'id': '404490115', 'is_verified': True, 'profile_pic_url': 'https://instagram.fmel16-1.fna.fbcdn.net/v/t51.2885-19/292771238_726713071885714_5345747608461024129_n.jpg?stp=dst-jpg_s150x150_tt6&_nc_ht=instagram.fmel16-1.fna.fbcdn.net&_nc_cat=1&_nc_oc=Q6cZ2AHJEIkV7OYN81R898jPWUQhJda536a2jJbjYg-mAwCy2VT-eurQardEGKD5ykx6Ulk&_nc_ohc=HIvm9q0LehAQ7kNvgHAA7_Y&_nc_gid=c7491e2c48dd437f8387086fb819e4a7&edm=APs17CUBAAAA&ccb=7-5&oh=00_AYCV4OigEKeFqBpKLulsq1QwhYt7MN2Y8zHjx8EySBEw2Q&oe=67CB633A&_nc_sid=10d13b', 'username': 'worldtriathlon'}, {'full_name': 'Ashleigh Gentle', 'id': '584895924', 'is_verified': True, 'profile_pic_url': 'https://instagram.fmel16-1.fna.fbcdn.net/v/t51.2885-19/439231966_1580739299134186_707575605064121930_n.jpg?stp=dst-jpg_s150x150_tt6&_nc_ht=instagram.fmel16-1.fna.fbcdn.net&_nc_cat=110&_nc_oc=Q6cZ2AHJEIkV7OYN81R898jPWUQhJda536a2jJbjYg-mAwCy2VT-eurQardEGKD5ykx6Ulk&_nc_ohc=xVxwrhBolKsQ7kNvgFM-4Fc&_nc_gid=c7491e2c48dd437f8387086fb819e4a7&edm=APs17CUBAAAA&ccb=7-5&oh=00_AYDpVCGGD9DxDHLa6apjAMzMQTjbK2RhHP4wNEhi6iW9Pg&oe=67CB3FC6&_nc_sid=10d13b', 'username': 'gentle_ash'}, {'full_name': 'Marten Van Riel', 'id': '1288402990', 'is_verified': True, 'profile_pic_url': 'https://instagram.fmel16-1.fna.fbcdn.net/v/t51.2885-19/217398370_925198674725161_7504758673145156846_n.jpg?stp=dst-jpg_s150x150_tt6&_nc_ht=instagram.fmel16-1.fna.fbcdn.net&_nc_cat=101&_nc_oc=Q6cZ2AHJEIkV7OYN81R898jPWUQhJda536a2jJbjYg-mAwCy2VT-eurQardEGKD5ykx6Ulk&_nc_ohc=6EDJxI1Ev3oQ7kNvgEQZ06G&_nc_gid=c7491e2c48dd437f8387086fb819e4a7&edm=APs17CUBAAAA&ccb=7-5&oh=00_AYDFqWgfPboOvOYPO6nX6H9LN-2_hWP5YjxRsBtSjGuV3A&oe=67CB4138&_nc_sid=10d13b', 'username': 'martenvanriel'}]",,
https://www.instagram.com/p/DGtKM4LynTC/,,,,https://www.instagram.com/challengeroth,3579562144255603906,Image,DGtKM4LynTC,"The atmosphere wouldn‚Äôt be the same without them! üí•üí™ 
Our legendary speaker teams brings emotions, goosebumps, and pure passion straight to the mic! Whether on the course or at the finish line, they celebrate every athlete!

Thank you for your incredible energy and dedication! üëèüëè 

üì∏ Bernhard Bergauer",[],[],2.0,"Tr√§umst du auch davon, in einer Luxusvilla zu wohnen und ein beeindruckendes Auto zu fahren? Vielleicht ist der richtige Moment n√§her, als du denkst!","[{'id': '17953318520920186', 'text': 'Tr√§umst du auch davon, in einer Luxusvilla zu wohnen und ein beeindruckendes Auto zu fahren? Vielleicht ist der richtige Moment n√§her, als du denkst!', 'ownerUsername': 'jaritzasoci_lyhy44', 'ownerProfilePicUrl': 'https://instagram.fscn1-1.fna.fbcdn.net/v/t51.2885-19/467339898_911272860965907_2091567922083810378_n.jpg?stp=dst-jpg_s150x150_tt6&_nc_ht=instagram.fscn1-1.fna.fbcdn.net&_nc_cat=103&_nc_oc=Q6cZ2AFgnhI6Ne7eeJ7HfVbRAR4Du3p4GgxAGxt4Vd45hW9bjLcK1fES_6ftR8LFbM2D9ag&_nc_ohc=9ClE1L8gl-AQ7kNvgEUhYeJ&_nc_gid=e7c864624e5a47d69655c50e18a1a882&edm=APs17CUBAAAA&ccb=7-5&oh=00_AYAHEiGvkZKCd3hbaWZN5vjS5c3vxbCnvIIiHKn1E7IrRg&oe=67CB38AA&_nc_sid=10d13b', 'timestamp': '2025-03-02T17:54:06.000Z', 'repliesCount': 0, 'replies': [], 'likesCount': 0, 'owner': {'id': '67449384107', 'is_verified': False, 'profile_pic_url': 'https://instagram.fscn1-1.fna.fbcdn.net/v/t51.2885-19/467339898_911272860965907_2091567922083810378_n.jpg?stp=dst-jpg_s150x150_tt6&_nc_ht=instagram.fscn1-1.fna.fbcdn.net&_nc_cat=103&_nc_oc=Q6cZ2AFgnhI6Ne7eeJ7HfVbRAR4Du3p4GgxAGxt4Vd45hW9bjLcK1fES_6ftR8LFbM2D9ag&_nc_ohc=9ClE1L8gl-AQ7kNvgEUhYeJ&_nc_gid=e7c864624e5a47d69655c50e18a1a882&edm=APs17CUBAAAA&ccb=7-5&oh=00_AYAHEiGvkZKCd3hbaWZN5vjS5c3vxbCnvIIiHKn1E7IrRg&oe=67CB38AA&_nc_sid=10d13b', 'username': 'jaritzasoci_lyhy44'}}, {'id': '18040084016599401', 'text': ""Can't wait of this üî•üëè"", 'ownerUsername': 'cherrytri70', 'ownerProfilePicUrl': 'https://instagram.fscn1-1.fna.fbcdn.net/v/t51.2885-19/464861507_793678712828393_8567408927581944824_n.jpg?stp=dst-jpg_s150x150_tt6&_nc_ht=instagram.fscn1-1.fna.fbcdn.net&_nc_cat=105&_nc_oc=Q6cZ2AFgnhI6Ne7eeJ7HfVbRAR4Du3p4GgxAGxt4Vd45hW9bjLcK1fES_6ftR8LFbM2D9ag&_nc_ohc=yR59r3KQZo4Q7kNvgGJkU0D&_nc_gid=e7c864624e5a47d69655c50e18a1a882&edm=APs17CUBAAAA&ccb=7-5&oh=00_AYBbR2cid9CMJh-xwxIErGdrENSrRDy0qGy9mgc0eY2CvQ&oe=67CB69DD&_nc_sid=10d13b', 'timestamp': '2025-03-02T17:45:10.000Z', 'repliesCount': 0, 'replies': [], 'likesCount': 0, 'owner': {'id': '6045956131', 'is_verified': False, 'profile_pic_url': 'https://instagram.fscn1-1.fna.fbcdn.net/v/t51.2885-19/464861507_793678712828393_8567408927581944824_n.jpg?stp=dst-jpg_s150x150_tt6&_nc_ht=instagram.fscn1-1.fna.fbcdn.net&_nc_cat=105&_nc_oc=Q6cZ2AFgnhI6Ne7eeJ7HfVbRAR4Du3p4GgxAGxt4Vd45hW9bjLcK1fES_6ftR8LFbM2D9ag&_nc_ohc=yR59r3KQZo4Q7kNvgGJkU0D&_nc_gid=e7c864624e5a47d69655c50e18a1a882&edm=APs17CUBAAAA&ccb=7-5&oh=00_AYBbR2cid9CMJh-xwxIErGdrENSrRDy0qGy9mgc0eY2CvQ&oe=67CB69DD&_nc_sid=10d13b', 'username': 'cherrytri70'}}]",1350.0,1080.0,https://instagram.fscn1-1.fna.fbcdn.net/v/t51.2885-15/482331162_18495343867000520_6886952637164778301_n.jpg?stp=dst-jpg_e15_fr_p1080x1080_tt6&_nc_ht=instagram.fscn1-1.fna.fbcdn.net&_nc_cat=108&_nc_oc=Q6cZ2AFgnhI6Ne7eeJ7HfVbRAR4Du3p4GgxAGxt4Vd45hW9bjLcK1fES_6ftR8LFbM2D9ag&_nc_ohc=Z-aoToUlFsMQ7kNvgF4HhXo&_nc_gid=e7c864624e5a47d69655c50e18a1a882&edm=APs17CUBAAAA&ccb=7-5&oh=00_AYAIkakpFjwY0Vih5k9JQvvTq3bf6REzINUtYWgrYGAOwg&oe=67CB4403&_nc_sid=10d13b,[],"Photo by Challenge Roth | Home of Triathlon on March 02, 2025. Ist m√∂glicherweise ein Bild von 2 Personen, Mikrofon, tragbarer Kassettenspieler und Text ‚ÄûDILL T&Ne ork‚Äú.",234.0,2025-03-02T17:38:03.000Z,[],Challenge Roth | Home of Triathlon,challengeroth,1428928519,False,,,,,,,,
https://www.instagram.com/p/DGtQaLkR0gj/,,,,https://www.instagram.com/janfrodeno,3579589446699796515,Video,DGtQaLkR0gj,Happy Sunday‚úåÔ∏è,[],[],18.0,Es war noch nie so einfach Roth zu gewinnenü´°ü§´ü§´,"[{'id': '18239758090304745', 'text': 'Es war noch nie so einfach Roth zu gewinnen\U0001fae1ü§´ü§´', 'ownerUsername': 'magigam', 'ownerProfilePicUrl': 'https://instagram.fbom16-1.fna.fbcdn.net/v/t51.2885-19/472010608_541199558945187_4265348672091854074_n.jpg?stp=dst-jpg_s150x150_tt6&_nc_ht=instagram.fbom16-1.fna.fbcdn.net&_nc_cat=103&_nc_oc=Q6cZ2AGMvMAAYhlqd-qCIF0nB0fROSZHxD0vJIHRwRSA4vDFxsov9FL24ZHyp7ckcORJ-P8&_nc_ohc=RjrUI10g9dgQ7kNvgG-GkAY&_nc_gid=4968d505432642018fbc367eae6634c2&edm=APs17CUBAAAA&ccb=7-5&oh=00_AYBqQ30qLOpr9mLFbjfmtunPvQ7X1umfgJk5SSpb974w3g&oe=67CB4E38&_nc_sid=10d13b', 'timestamp': '2025-03-03T08:14:33.000Z', 'repliesCount': 0, 'replies': [], 'likesCount': 0, 'owner': {'id': '645913776', 'is_verified': False, 'profile_pic_url': 'https://instagram.fbom16-1.fna.fbcdn.net/v/t51.2885-19/472010608_541199558945187_4265348672091854074_n.jpg?stp=dst-jpg_s150x150_tt6&_nc_ht=instagram.fbom16-1.fna.fbcdn.net&_nc_cat=103&_nc_oc=Q6cZ2AGMvMAAYhlqd-qCIF0nB0fROSZHxD0vJIHRwRSA4vDFxsov9FL24ZHyp7ckcORJ-P8&_nc_ohc=RjrUI10g9dgQ7kNvgG-GkAY&_nc_gid=4968d505432642018fbc367eae6634c2&edm=APs17CUBAAAA&ccb=7-5&oh=00_AYBqQ30qLOpr9mLFbjfmtunPvQ7X1umfgJk5SSpb974w3g&oe=67CB4E38&_nc_sid=10d13b', 'username': 'magigam'}}, {'id': '18054034355278776', 'text': '‡∏Å‡πá‡∏°‡∏±‡∏ô‡∏´‡∏ô‡∏≤‡∏ß‡πÑ‡∏á‡∏≠‡πâ‡∏≤‡∏¢', 'ownerUsername': 'wen_phuwadet', 'ownerProfilePicUrl': 'https://instagram.fbom16-1.fna.fbcdn.net/v/t51.2885-19/480947470_949708554018763_4257418384863913234_n.jpg?stp=dst-jpg_s150x150_tt6&_nc_ht=instagram.fbom16-1.fna.fbcdn.net&_nc_cat=107&_nc_oc=Q6cZ2AGMvMAAYhlqd-qCIF0nB0fROSZHxD0vJIHRwRSA4vDFxsov9FL24ZHyp7ckcORJ-P8&_nc_ohc=-DN1W2OA0dQQ7kNvgFpOlEe&_nc_gid=4968d505432642018fbc367eae6634c2&edm=APs17CUBAAAA&ccb=7-5&oh=00_AYAKUqQPRxat7Cc3TrqXCg5Zypwrrsd9NOhG6kFLylN3aQ&oe=67CB54BB&_nc_sid=10d13b', 'timestamp': '2025-03-03T07:51:04.000Z', 'repliesCount': 0, 'replies': [], 'likesCount': 0, 'owner': {'id': '22687079608', 'is_verified': False, 'profile_pic_url': 'https://instagram.fbom16-1.fna.fbcdn.net/v/t51.2885-19/480947470_949708554018763_4257418384863913234_n.jpg?stp=dst-jpg_s150x150_tt6&_nc_ht=instagram.fbom16-1.fna.fbcdn.net&_nc_cat=107&_nc_oc=Q6cZ2AGMvMAAYhlqd-qCIF0nB0fROSZHxD0vJIHRwRSA4vDFxsov9FL24ZHyp7ckcORJ-P8&_nc_ohc=-DN1W2OA0dQQ7kNvgFpOlEe&_nc_gid=4968d505432642018fbc367eae6634c2&edm=APs17CUBAAAA&ccb=7-5&oh=00_AYAKUqQPRxat7Cc3TrqXCg5Zypwrrsd9NOhG6kFLylN3aQ&oe=67CB54BB&_nc_sid=10d13b', 'username': 'wen_phuwadet'}}, {'id': '18039010613526961', 'text': 'My own procrastination starts at home, the day before üòÑ', 'ownerUsername': 'grimaultfabian', 'ownerProfilePicUrl': 'https://instagram.fbom16-1.fna.fbcdn.net/v/t51.2885-19/473605844_1154039359668946_7854950779064230039_n.jpg?stp=dst-jpg_s150x150_tt6&_nc_ht=instagram.fbom16-1.fna.fbcdn.net&_nc_cat=110&_nc_oc=Q6cZ2AGMvMAAYhlqd-qCIF0nB0fROSZHxD0vJIHRwRSA4vDFxsov9FL24ZHyp7ckcORJ-P8&_nc_ohc=nC99vdh6650Q7kNvgGwsEeW&_nc_gid=4968d505432642018fbc367eae6634c2&edm=APs17CUBAAAA&ccb=7-5&oh=00_AYAXLoBeLyQvvq8DvvHLL-34e-JKW5RzxpVwzn7EI4tGow&oe=67CB5AB4&_nc_sid=10d13b', 'timestamp': '2025-03-03T07:36:07.000Z', 'repliesCount': 0, 'replies': [], 'likesCount': 0, 'owner': {'id': '4154023200', 'is_verified': False, 'profile_pic_url': 'https://instagram.fbom16-1.fna.fbcdn.net/v/t51.2885-19/473605844_1154039359668946_7854950779064230039_n.jpg?stp=dst-jpg_s150x150_tt6&_nc_ht=instagram.fbom16-1.fna.fbcdn.net&_nc_cat=110&_nc_oc=Q6cZ2AGMvMAAYhlqd-qCIF0nB0fROSZHxD0vJIHRwRSA4vDFxsov9FL24ZHyp7ckcORJ-P8&_nc_ohc=nC99vdh6650Q7kNvgGwsEeW&_nc_gid=4968d505432642018fbc367eae6634c2&edm=APs17CUBAAAA&ccb=7-5&oh=00_AYAXLoBeLyQvvq8DvvHLL-34e-JKW5RzxpVwzn7EI4tGow&oe=67CB5AB4&_nc_sid=10d13b', 'username': 'grimaultfabian'}}, {'id': '18073760149703092', 'text': 'Yep!!', 'ownerUsername': 'crfe80', 'ownerProfilePicUrl': 'https://instagram.fbom16-1.fna.fbcdn.net/v/t51.2885-19/166998046_351223116317333_8634690346999154889_n.jpg?stp=dst-jpg_s150x150_tt6&_nc_ht=instagram.fbom16-1.fna.fbcdn.net&_nc_cat=105&_nc_oc=Q6cZ2AGMvMAAYhlqd-qCIF0nB0fROSZHxD0vJIHRwRSA4vDFxsov9FL24ZHyp7ckcORJ-P8&_nc_ohc=Ceyp1xVzhrMQ7kNvgH_6X6I&_nc_gid=4968d505432642018fbc367eae6634c2&edm=APs17CUBAAAA&ccb=7-5&oh=00_AYBH3kt1BB1kKxts5dM-wFRAAE3LnWWogdHrHCQOFlYs_w&oe=67CB6711&_nc_sid=10d13b', 'timestamp': '2025-03-03T06:25:55.000Z', 'repliesCount': 0, 'replies': [], 'likesCount': 0, 'owner': {'id': '144905038', 'is_verified': False, 'profile_pic_url': 'https://instagram.fbom16-1.fna.fbcdn.net/v/t51.2885-19/166998046_351223116317333_8634690346999154889_n.jpg?stp=dst-jpg_s150x150_tt6&_nc_ht=instagram.fbom16-1.fna.fbcdn.net&_nc_cat=105&_nc_oc=Q6cZ2AGMvMAAYhlqd-qCIF0nB0fROSZHxD0vJIHRwRSA4vDFxsov9FL24ZHyp7ckcORJ-P8&_nc_ohc=Ceyp1xVzhrMQ7kNvgH_6X6I&_nc_gid=4968d505432642018fbc367eae6634c2&edm=APs17CUBAAAA&ccb=7-5&oh=00_AYBH3kt1BB1kKxts5dM-wFRAAE3LnWWogdHrHCQOFlYs_w&oe=67CB6711&_nc_sid=10d13b', 'username': 'crfe80'}}, {'id': '18338177002155526', 'text': 'üòÇüòÇ', 'ownerUsername': 'rubenloman', 'ownerProfilePicUrl': 'https://instagram.fbom16-1.fna.fbcdn.net/v/t51.2885-19/11849911_521441238004478_1906654618_a.jpg?stp=dst-jpg_s150x150_tt6&_nc_ht=instagram.fbom16-1.fna.fbcdn.net&_nc_cat=102&_nc_oc=Q6cZ2AGMvMAAYhlqd-qCIF0nB0fROSZHxD0vJIHRwRSA4vDFxsov9FL24ZHyp7ckcORJ-P8&_nc_ohc=Y2sJVfUS5zEQ7kNvgF9mqN3&_nc_gid=4968d505432642018fbc367eae6634c2&edm=APs17CUBAAAA&ccb=7-5&oh=00_AYAGdGS2NeNSHPW-KnZOkjkVHynIKAZZEcVyI9nOKlNe_A&oe=67CB34B5&_nc_sid=10d13b', 'timestamp': '2025-03-03T06:18:17.000Z', 'repliesCount': 0, 'replies': [], 'likesCount': 0, 'owner': {'id': '962322699', 'is_verified': False, 'profile_pic_url': 'https://instagram.fbom16-1.fna.fbcdn.net/v/t51.2885-19/11849911_521441238004478_1906654618_a.jpg?stp=dst-jpg_s150x150_tt6&_nc_ht=instagram.fbom16-1.fna.fbcdn.net&_nc_cat=102&_nc_oc=Q6cZ2AGMvMAAYhlqd-qCIF0nB0fROSZHxD0vJIHRwRSA4vDFxsov9FL24ZHyp7ckcORJ-P8&_nc_ohc=Y2sJVfUS5zEQ7kNvgF9mqN3&_nc_gid=4968d505432642018fbc367eae6634c2&edm=APs17CUBAAAA&ccb=7-5&oh=00_AYAGdGS2NeNSHPW-KnZOkjkVHynIKAZZEcVyI9nOKlNe_A&oe=67CB34B5&_nc_sid=10d13b', 'username': 'rubenloman'}}, {'id': '17884061793237801', 'text': 'How much are you swimming these days?', 'ownerUsername': 'paulomovingallthetime', 'ownerProfilePicUrl': 'https://instagram.fbom16-1.fna.fbcdn.net/v/t51.2885-19/320397517_690705609132985_5806972514106196225_n.jpg?stp=dst-jpg_s150x150_tt6&_nc_ht=instagram.fbom16-1.fna.fbcdn.net&_nc_cat=101&_nc_oc=Q6cZ2AGMvMAAYhlqd-qCIF0nB0fROSZHxD0vJIHRwRSA4vDFxsov9FL24ZHyp7ckcORJ-P8&_nc_ohc=teWyTUXl5TsQ7kNvgHuSBKm&_nc_gid=4968d505432642018fbc367eae6634c2&edm=APs17CUBAAAA&ccb=7-5&oh=00_AYDCqLUFGZJFuUhJPa7KB2wIjv9CWPIHXKuwtG7vSk_iZw&oe=67CB6B51&_nc_sid=10d13b', 'timestamp': '2025-03-03T03:09:51.000Z', 'repliesCount': 0, 'replies': [], 'likesCount': 0, 'owner': {'id': '1440302132', 'is_verified': False, 'profile_pic_url': 'https://instagram.fbom16-1.fna.fbcdn.net/v/t51.2885-19/320397517_690705609132985_5806972514106196225_n.jpg?stp=dst-jpg_s150x150_tt6&_nc_ht=instagram.fbom16-1.fna.fbcdn.net&_nc_cat=101&_nc_oc=Q6cZ2AGMvMAAYhlqd-qCIF0nB0fROSZHxD0vJIHRwRSA4vDFxsov9FL24ZHyp7ckcORJ-P8&_nc_ohc=teWyTUXl5TsQ7kNvgHuSBKm&_nc_gid=4968d505432642018fbc367eae6634c2&edm=APs17CUBAAAA&ccb=7-5&oh=00_AYDCqLUFGZJFuUhJPa7KB2wIjv9CWPIHXKuwtG7vSk_iZw&oe=67CB6B51&_nc_sid=10d13b', 'username': 'paulomovingallthetime'}}, {'id': '18067429117724742', 'text': 'üòÇüòÇüòÇ', 'ownerUsername': 'mikeandyu', 'ownerProfilePicUrl': 'https://instagram.fbom16-1.fna.fbcdn.net/v/t51.2885-19/315297645_102545312651319_2931551635011270873_n.jpg?stp=dst-jpg_s150x150_tt6&_nc_ht=instagram.fbom16-1.fna.fbcdn.net&_nc_cat=103&_nc_oc=Q6cZ2AGMvMAAYhlqd-qCIF0nB0fROSZHxD0vJIHRwRSA4vDFxsov9FL24ZHyp7ckcORJ-P8&_nc_ohc=rnFwqLYoee8Q7kNvgFfbebL&_nc_gid=4968d505432642018fbc367eae6634c2&edm=APs17CUBAAAA&ccb=7-5&oh=00_AYDKjpsCz3nyvELqO2bb0MVovhAQdE2fjyAr4O183qXilw&oe=67CB360E&_nc_sid=10d13b', 'timestamp': '2025-03-02T22:21:06.000Z', 'repliesCount': 0, 'replies': [], 'likesCount': 0, 'owner': {'id': '2964557694', 'is_verified': False, 'profile_pic_url': 'https://instagram.fbom16-1.fna.fbcdn.net/v/t51.2885-19/315297645_102545312651319_2931551635011270873_n.jpg?stp=dst-jpg_s150x150_tt6&_nc_ht=instagram.fbom16-1.fna.fbcdn.net&_nc_cat=103&_nc_oc=Q6cZ2AGMvMAAYhlqd-qCIF0nB0fROSZHxD0vJIHRwRSA4vDFxsov9FL24ZHyp7ckcORJ-P8&_nc_ohc=rnFwqLYoee8Q7kNvgFfbebL&_nc_gid=4968d505432642018fbc367eae6634c2&edm=APs17CUBAAAA&ccb=7-5&oh=00_AYDKjpsCz3nyvELqO2bb0MVovhAQdE2fjyAr4O183qXilw&oe=67CB360E&_nc_sid=10d13b', 'username': 'mikeandyu'}}, {'id': '18033915341558604', 'text': 'SAME', 'ownerUsername': 'the_athletes_guide_nc', 'ownerProfilePicUrl': 'https://instagram.fbom16-1.fna.fbcdn.net/v/t51.2885-19/412643654_2432265990279855_7149940432191131000_n.jpg?stp=dst-jpg_s150x150_tt6&_nc_ht=instagram.fbom16-1.fna.fbcdn.net&_nc_cat=103&_nc_oc=Q6cZ2AGMvMAAYhlqd-qCIF0nB0fROSZHxD0vJIHRwRSA4vDFxsov9FL24ZHyp7ckcORJ-P8&_nc_ohc=Epro841EUSMQ7kNvgEZr8JR&_nc_gid=4968d505432642018fbc367eae6634c2&edm=APs17CUBAAAA&ccb=7-5&oh=00_AYCEKBht5xPdU3S-i18sUodA5jAyu9IHBQ4wE17KTHCZxQ&oe=67CB69A1&_nc_sid=10d13b', 'timestamp': '2025-03-02T20:35:26.000Z', 'repliesCount': 0, 'replies': [], 'likesCount': 1, 'owner': {'id': '443121638', 'is_verified': False, 'profile_pic_url': 'https://instagram.fbom16-1.fna.fbcdn.net/v/t51.2885-19/412643654_2432265990279855_7149940432191131000_n.jpg?stp=dst-jpg_s150x150_tt6&_nc_ht=instagram.fbom16-1.fna.fbcdn.net&_nc_cat=103&_nc_oc=Q6cZ2AGMvMAAYhlqd-qCIF0nB0fROSZHxD0vJIHRwRSA4vDFxsov9FL24ZHyp7ckcORJ-P8&_nc_ohc=Epro841EUSMQ7kNvgEZr8JR&_nc_gid=4968d505432642018fbc367eae6634c2&edm=APs17CUBAAAA&ccb=7-5&oh=00_AYCEKBht5xPdU3S-i18sUodA5jAyu9IHBQ4wE17KTHCZxQ&oe=67CB69A1&_nc_sid=10d13b', 'username': 'the_athletes_guide_nc'}}, {'id': '18286874401300919', 'text': 'Gef√ºhlt der einzige ex Profi der noch gerne schwimmen geht ü§£üòÖ @sebastiankienle', 'ownerUsername': 'marcel__js', 'ownerProfilePicUrl': 'https://instagram.fbom16-1.fna.fbcdn.net/v/t51.2885-19/244462502_419076096404166_145577022689171521_n.jpg?stp=dst-jpg_s150x150_tt6&_nc_ht=instagram.fbom16-1.fna.fbcdn.net&_nc_cat=106&_nc_oc=Q6cZ2AGMvMAAYhlqd-qCIF0nB0fROSZHxD0vJIHRwRSA4vDFxsov9FL24ZHyp7ckcORJ-P8&_nc_ohc=IQfakebxzMkQ7kNvgEfRhmm&_nc_gid=4968d505432642018fbc367eae6634c2&edm=APs17CUBAAAA&ccb=7-5&oh=00_AYBiXdxoartTopIc-e0ztSOHX3VKCw3dkjThGpCuJI1yGg&oe=67CB5607&_nc_sid=10d13b', 'timestamp': '2025-03-02T20:13:20.000Z', 'repliesCount': 0, 'replies': [], 'likesCount': 1, 'owner': {'id': '3424663455', 'is_verified': False, 'profile_pic_url': 'https://instagram.fbom16-1.fna.fbcdn.net/v/t51.2885-19/244462502_419076096404166_145577022689171521_n.jpg?stp=dst-jpg_s150x150_tt6&_nc_ht=instagram.fbom16-1.fna.fbcdn.net&_nc_cat=106&_nc_oc=Q6cZ2AGMvMAAYhlqd-qCIF0nB0fROSZHxD0vJIHRwRSA4vDFxsov9FL24ZHyp7ckcORJ-P8&_nc_ohc=IQfakebxzMkQ7kNvgEfRhmm&_nc_gid=4968d505432642018fbc367eae6634c2&edm=APs17CUBAAAA&ccb=7-5&oh=00_AYBiXdxoartTopIc-e0ztSOHX3VKCw3dkjThGpCuJI1yGg&oe=67CB5607&_nc_sid=10d13b', 'username': 'marcel__js'}}, {'id': '18499769776012761', 'text': 'Confirmed üòÇüòÇüòÇ', 'ownerUsername': 'stilo.francesco', 'ownerProfilePicUrl': 'https://instagram.fbom16-1.fna.fbcdn.net/v/t51.2885-19/469599259_1399344324375337_2242943762776490144_n.jpg?stp=dst-jpg_s150x150_tt6&_nc_ht=instagram.fbom16-1.fna.fbcdn.net&_nc_cat=101&_nc_oc=Q6cZ2AGMvMAAYhlqd-qCIF0nB0fROSZHxD0vJIHRwRSA4vDFxsov9FL24ZHyp7ckcORJ-P8&_nc_ohc=E0ZF6zlSFBUQ7kNvgH-FrYS&_nc_gid=4968d505432642018fbc367eae6634c2&edm=APs17CUBAAAA&ccb=7-5&oh=00_AYB8q1WbNZVlY0Hqy-DJIP6XtsoU8gmhks1fD9kNQh_z_Q&oe=67CB3F3D&_nc_sid=10d13b', 'timestamp': '2025-03-02T20:10:05.000Z', 'repliesCount': 0, 'replies': [], 'likesCount': 1, 'owner': {'id': '2096690606', 'is_verified': False, 'profile_pic_url': 'https://instagram.fbom16-1.fna.fbcdn.net/v/t51.2885-19/469599259_1399344324375337_2242943762776490144_n.jpg?stp=dst-jpg_s150x150_tt6&_nc_ht=instagram.fbom16-1.fna.fbcdn.net&_nc_cat=101&_nc_oc=Q6cZ2AGMvMAAYhlqd-qCIF0nB0fROSZHxD0vJIHRwRSA4vDFxsov9FL24ZHyp7ckcORJ-P8&_nc_ohc=E0ZF6zlSFBUQ7kNvgH-FrYS&_nc_gid=4968d505432642018fbc367eae6634c2&edm=APs17CUBAAAA&ccb=7-5&oh=00_AYB8q1WbNZVlY0Hqy-DJIP6XtsoU8gmhks1fD9kNQh_z_Q&oe=67CB3F3D&_nc_sid=10d13b', 'username': 'stilo.francesco'}}]",1333.0,750.0,https://instagram.fbom16-1.fna.fbcdn.net/v/t51.2885-15/481988841_18490454410013179_7447507158730973023_n.jpg?stp=dst-jpg_e15_tt6&_nc_ht=instagram.fbom16-1.fna.fbcdn.net&_nc_cat=107&_nc_oc=Q6cZ2AGMvMAAYhlqd-qCIF0nB0fROSZHxD0vJIHRwRSA4vDFxsov9FL24ZHyp7ckcORJ-P8&_nc_ohc=h5TnSXNFOQMQ7kNvgH_bHz-&_nc_gid=4968d505432642018fbc367eae6634c2&edm=APs17CUBAAAA&ccb=7-5&oh=00_AYDVdOiejSYeUjege1Gxn7pCJtzeum5TJeuRbBjjkOoINw&oe=67CB5E36&_nc_sid=10d13b,[],,2317.0,2025-03-02T18:34:14.000Z,[],Jan Frodeno,janfrodeno,1110221178,False,https://instagram.fbom16-1.fna.fbcdn.net/o1/v/t16/f2/m86/AQN9qaKvwBML64I7qFJSd04WE7-m2CSAzYbtsS3Kvak176_XUZ1q7QsOdY3usvOsY_gEgvPkjjPmUZc1Yubjva2mH7_4XfoW9RX1tXM.mp4?stp=dst-mp4&efg=eyJxZV9ncm91cHMiOiJbXCJpZ193ZWJfZGVsaXZlcnlfdnRzX290ZlwiXSIsInZlbmNvZGVfdGFnIjoidnRzX3ZvZF91cmxnZW4uY2xpcHMuYzIuNzIwLmJhc2VsaW5lIn0&_nc_cat=105&vs=664988722732108_1318070090&_nc_vs=HBksFQIYUmlnX3hwdl9yZWVsc19wZXJtYW5lbnRfc3JfcHJvZC83RTRFQTZGRjc1RjQzNjFEQUM3OENEMjRGQUZEMDRCOV92aWRlb19kYXNoaW5pdC5tcDQVAALIAQAVAhg6cGFzc3Rocm91Z2hfZXZlcnN0b3JlL0dQM2x2eHpzNjFIREFNNEVBSTVuVVBoZW83VVBicV9FQUFBRhUCAsgBACgAGAAbABUAACbk846vhf2OQBUCKAJDMywXQDJZ2yLQ5WAYEmRhc2hfYmFzZWxpbmVfMV92MREAdf4HAA%3D%3D&_nc_rid=4968dc14bd&ccb=9-4&oh=00_AYCR5NPrqvG5p1c2PZA1lFMkCHE_fBNYAOMWWbT6O2ezPw&oe=67C762D8&_nc_sid=10d13b,26442.0,90294.0,clips,18.389,,"{'artist_name': 'isaintjames', 'song_name': 'Someday Soon', 'uses_original_audio': True, 'should_mute_audio': False, 'should_mute_audio_reason': '', 'audio_id': '467342335731489'}",
