channel_id,title,videoId,thumbnail,publishedAt
UC-gct8TB_8l5HsQHBBr8hyQ,Breaking the Cycle of Bad Eating and Poor Sleep,sdn2c81yDpA,https://i.ytimg.com/vi/sdn2c81yDpA/mqdefault.jpg,2025-02-24T18:30:51Z
UC-gct8TB_8l5HsQHBBr8hyQ,How I Train VO2 Max on the Bike,uoBklnh55vg,https://i.ytimg.com/vi/uoBklnh55vg/mqdefault.jpg,2025-02-18T20:10:07Z
UC-gct8TB_8l5HsQHBBr8hyQ,"Train Smarter, Not Harder",CL8N2kTemoY,https://i.ytimg.com/vi/CL8N2kTemoY/mqdefault.jpg,2025-02-07T19:54:11Z
UC-gct8TB_8l5HsQHBBr8hyQ,Lessons Learned in 2024: Lionel Sanders‚Äô Brutally Honest Recap,dMCBWPHb9pI,https://i.ytimg.com/vi/dMCBWPHb9pI/mqdefault.jpg,2024-12-30T21:34:28Z
UC-gct8TB_8l5HsQHBBr8hyQ,Why Winning Starts in the Mind (And Most Athletes Ignore This),X5XciW4Kmc4,https://i.ytimg.com/vi/X5XciW4Kmc4/mqdefault.jpg,2024-12-19T19:43:26Z
UC-gct8TB_8l5HsQHBBr8hyQ,This Will Change the Way I Train Forever,cyjYyiKFgqw,https://i.ytimg.com/vi/cyjYyiKFgqw/mqdefault.jpg,2024-12-12T16:00:04Z
UC-gct8TB_8l5HsQHBBr8hyQ,Lionel Sanders&#39; Thoughts on the Ironman World Championships,HGJB4mYsojw,https://i.ytimg.com/vi/HGJB4mYsojw/mqdefault.jpg,2024-10-30T15:00:07Z
UC-gct8TB_8l5HsQHBBr8hyQ,Kona Vlog 18 || Final Prep and Bike Check-In,bdA_8eODC3Y,https://i.ytimg.com/vi/bdA_8eODC3Y/mqdefault.jpg,2024-10-26T11:00:07Z
UC-gct8TB_8l5HsQHBBr8hyQ,Kona Vlog 17 || Should Lionel Go All-In on Race Day?,MYJwZYdlMvg,https://i.ytimg.com/vi/MYJwZYdlMvg/mqdefault.jpg,2024-10-25T20:07:58Z
UC-gct8TB_8l5HsQHBBr8hyQ,Kona Vlog 16 || Pickleball with the GOATs and Final Bike Setup,SZoMc608pow,https://i.ytimg.com/vi/SZoMc608pow/mqdefault.jpg,2024-10-24T19:00:08Z
UCaJDcjxkg5YSTLWwxIUMsxA,Paris Test Event: Race Week - Episode 2,nG_jtczYhNg,https://i.ytimg.com/vi/nG_jtczYhNg/mqdefault.jpg,2023-08-16T21:10:31Z
UCaJDcjxkg5YSTLWwxIUMsxA,Paris Test Event: Race Week - Episode 1,hWZI7aA2Fg8,https://i.ytimg.com/vi/hWZI7aA2Fg8/mqdefault.jpg,2023-08-16T00:41:37Z
UCaJDcjxkg5YSTLWwxIUMsxA,Best Wedding Proposal Ever! || Talbot + Laurajean,PZdkbkwJ98g,https://i.ytimg.com/vi/PZdkbkwJ98g/mqdefault.jpg,2021-02-16T22:18:18Z
UCaJDcjxkg5YSTLWwxIUMsxA,Ironman World Championship Bike Course || 1 Hour,2N19c3STLh8,https://i.ytimg.com/vi/2N19c3STLh8/mqdefault.jpg,2020-10-10T11:00:11Z
UCaJDcjxkg5YSTLWwxIUMsxA,Kona Series Compilation || 2019 Ironman World Championships,wOr_h1WjemQ,https://i.ytimg.com/vi/wOr_h1WjemQ/mqdefault.jpg,2020-02-12T02:51:29Z
UCaJDcjxkg5YSTLWwxIUMsxA,4K Video Ultra HD - KONA Drone Compilation,TGMMutQ7K2A,https://i.ytimg.com/vi/TGMMutQ7K2A/mqdefault.jpg,2019-10-22T20:42:59Z
UCaJDcjxkg5YSTLWwxIUMsxA,Kona Series Hype,li48PBhbXQ8,https://i.ytimg.com/vi/li48PBhbXQ8/mqdefault.jpg,2019-10-11T22:00:12Z
UCaJDcjxkg5YSTLWwxIUMsxA,Indy Car and Ironman Balance || Tony Kanaan,pA-CKDF590o,https://i.ytimg.com/vi/pA-CKDF590o/mqdefault.jpg,2019-10-11T21:40:41Z
UCaJDcjxkg5YSTLWwxIUMsxA,Just Keep Smiling || Michell Vesterby,ul84mxYddfw,https://i.ytimg.com/vi/ul84mxYddfw/mqdefault.jpg,2019-10-11T11:27:14Z
UCaJDcjxkg5YSTLWwxIUMsxA,The fastest swimmer in Triathlon || Josh Amberger,S5PwGH7VNM0,https://i.ytimg.com/vi/S5PwGH7VNM0/mqdefault.jpg,2019-10-10T20:00:11Z
UCNQaItQ0LLVu5987SD88s2w,Marriage &amp; the Pro Athlete Life: Gwen &amp; Pat‚Äôs Secrets to Balance,fcJz9Ca2hcM,https://i.ytimg.com/vi/fcJz9Ca2hcM/mqdefault.jpg,2025-02-11T06:13:51Z
UCNQaItQ0LLVu5987SD88s2w,No Stone Left Unturned: Bike Drills and Skills,o9E_qBwgG20,https://i.ytimg.com/vi/o9E_qBwgG20/mqdefault.jpg,2025-01-25T14:20:12Z
UCNQaItQ0LLVu5987SD88s2w,One Hill to Rule Them All: NCAR Hill Repeats!,xVPEJxbr2II,https://i.ytimg.com/vi/xVPEJxbr2II/mqdefault.jpg,2025-01-08T13:56:15Z
UCNQaItQ0LLVu5987SD88s2w,10x RACE PACE // The 2025 Build,6dW9piryv98,https://i.ytimg.com/vi/6dW9piryv98/mqdefault.jpg,2024-12-12T15:04:41Z
UCNQaItQ0LLVu5987SD88s2w,The 2025 Season Begins Now,blsHSQaIhIk,https://i.ytimg.com/vi/blsHSQaIhIk/mqdefault.jpg,2024-12-04T19:00:30Z
UCNQaItQ0LLVu5987SD88s2w,WTC MIYAZAKI || SPRINT FINISH WIN!!,wF75C-fimic,https://i.ytimg.com/vi/wF75C-fimic/mqdefault.jpg,2024-11-13T20:36:29Z
UCNQaItQ0LLVu5987SD88s2w,The Grand Final // RACE WEEK PREP,ZcfGT6zvv7k,https://i.ytimg.com/vi/ZcfGT6zvv7k/mqdefault.jpg,2024-10-15T12:53:21Z
UCNQaItQ0LLVu5987SD88s2w,8 Weeks Post-Surgery &amp; Back in the Top 10,F6cizAAnOIo,https://i.ytimg.com/vi/F6cizAAnOIo/mqdefault.jpg,2024-10-03T15:46:12Z
UCNQaItQ0LLVu5987SD88s2w,What&#39;s next for Me? 21 Questions on My Long Run,9-1iDHhkCjM,https://i.ytimg.com/vi/9-1iDHhkCjM/mqdefault.jpg,2024-09-05T14:24:03Z
UCNQaItQ0LLVu5987SD88s2w,One Day at a Time // Back to Training After Surgery,zwlDq_Ql4XU,https://i.ytimg.com/vi/zwlDq_Ql4XU/mqdefault.jpg,2024-08-06T19:32:15Z
UC6PP69DCmBwMCPf9RSSTNTg,Name a pool with a better view? I‚Äôll wait‚Ä¶,z7hNxU8qhaY,https://i.ytimg.com/vi/z7hNxU8qhaY/mqdefault.jpg,2025-02-26T10:14:26Z
UC6PP69DCmBwMCPf9RSSTNTg,We are back with a full day in the life video! Who‚Äôs in? üí™üèªüèäüèª‚Äç‚ôÄÔ∏è‚òïÔ∏èüêïüìä ‚Äã‚Å†,NQamMifLAdo,https://i.ytimg.com/vi/NQamMifLAdo/mqdefault.jpg,2025-02-19T15:21:48Z
UC6PP69DCmBwMCPf9RSSTNTg,Full Training Day as a Pro Triathlete,F3rfkfMlGH0,https://i.ytimg.com/vi/F3rfkfMlGH0/mqdefault.jpg,2025-02-19T14:38:54Z
UC6PP69DCmBwMCPf9RSSTNTg,Back home to the rain &amp; cold üåßÔ∏èü•∂ But getting a boost on my indoor run ‚ÄãüèÉ‚Äç‚ôÄÔ∏è@ASICSGlobal,3vs_MiMFytg,https://i.ytimg.com/vi/3vs_MiMFytg/mqdefault.jpg,2025-01-29T14:57:19Z
UC6PP69DCmBwMCPf9RSSTNTg,I can&#39;t wait to be back racing! | T100 Dubai,1tCcfDzmKxQ,https://i.ytimg.com/vi/1tCcfDzmKxQ/mqdefault.jpg,2024-11-30T18:14:16Z
UC6PP69DCmBwMCPf9RSSTNTg,Ironman Athlete at 1500m Nationals,x1bquhIqeYQ,https://i.ytimg.com/vi/x1bquhIqeYQ/mqdefault.jpg,2024-11-12T11:30:18Z
UC6PP69DCmBwMCPf9RSSTNTg,Zwift World Series | Lucy Charles-Barclay,R7VJAyoKyQY,https://i.ytimg.com/vi/R7VJAyoKyQY/mqdefault.jpg,2024-10-28T16:48:20Z
UC6PP69DCmBwMCPf9RSSTNTg,Mocap in action üèÉ‚Äç‚ôÄÔ∏è #athletelife #mocap #runner,lmOH6IxmnaI,https://i.ytimg.com/vi/lmOH6IxmnaI/mqdefault.jpg,2024-10-10T11:31:19Z
UC6PP69DCmBwMCPf9RSSTNTg,Zwift E-Racing Comeback,V1sZHudd8G4,https://i.ytimg.com/vi/V1sZHudd8G4/mqdefault.jpg,2024-10-08T16:43:34Z
UC6PP69DCmBwMCPf9RSSTNTg,Mum we‚Äôre famous! ü•πüíñüêïüê∂,omMkMQwgoIQ,https://i.ytimg.com/vi/omMkMQwgoIQ/mqdefault.jpg,2024-10-07T14:59:24Z
UC8AySUd_LUSiT3nX8XlDFlQ,AMAZING RECIPE,BeqwhEnS0d0,https://i.ytimg.com/vi/BeqwhEnS0d0/mqdefault.jpg,2025-02-26T08:15:00Z
UC8AySUd_LUSiT3nX8XlDFlQ,üî• 35-Hour IRONMAN Training Week! DOUBLE Lionel Sanders&#39; Volume?! üèä‚Äç‚ôÇÔ∏èüö¥‚Äç‚ôÇÔ∏èüèÉ‚Äç‚ôÇÔ∏è,qoGgZ7QminU,https://i.ytimg.com/vi/qoGgZ7QminU/mqdefault.jpg,2025-02-25T12:45:07Z
UC8AySUd_LUSiT3nX8XlDFlQ,I DOUBLED Lionel Sanders&#39; Volume AND This Is What Happened! 35-Hour IRONMAN Training Week!,4BbidOofgA8,https://i.ytimg.com/vi/4BbidOofgA8/mqdefault.jpg,2025-02-23T16:00:03Z
UC8AySUd_LUSiT3nX8XlDFlQ,FUEGO FRIDAY,3V3m1WmZXfE,https://i.ytimg.com/vi/3V3m1WmZXfE/mqdefault.jpg,2025-02-21T18:26:55Z
UC8AySUd_LUSiT3nX8XlDFlQ,DAY IN THE LIFE DURING IRONMAN PREP,X4kSM303ycE,https://i.ytimg.com/vi/X4kSM303ycE/mqdefault.jpg,2025-02-20T23:32:26Z
UC8AySUd_LUSiT3nX8XlDFlQ,Ski Day!,JGVzHHn8NlI,https://i.ytimg.com/vi/JGVzHHn8NlI/mqdefault.jpg,2025-02-20T06:00:12Z
UC8AySUd_LUSiT3nX8XlDFlQ,"VO2 Max Bike Workout, Sam Long Run Workout, A 17-Mile Treadmill Run &amp; David Roche GUT TRAINING",qeo5t3Iq5VE,https://i.ytimg.com/vi/qeo5t3Iq5VE/mqdefault.jpg,2025-02-19T12:15:09Z
UC8AySUd_LUSiT3nX8XlDFlQ,My Favorite Oatmeal,xuqYLhoFcVo,https://i.ytimg.com/vi/xuqYLhoFcVo/mqdefault.jpg,2025-02-19T06:00:40Z
UC8AySUd_LUSiT3nX8XlDFlQ,"VO2 Max Bike Workout, Sam Long Run Workout, A 17-Mile Treadmill Run &amp; David Roche GUT TRAINING",jo-j0pcJqaY,https://i.ytimg.com/vi/jo-j0pcJqaY/mqdefault.jpg,2025-02-16T16:00:45Z
UC8AySUd_LUSiT3nX8XlDFlQ,FUEGO FRIDAY,fGO1FMSng0Q,https://i.ytimg.com/vi/fGO1FMSng0Q/mqdefault.jpg,2025-02-14T22:14:58Z
UCJVMrR290HU9pDxaP35u_cg,"Slippin‚Äô, Slidin‚Äô, And Racing Through The Mud! üåßÔ∏èüí• Every Step Counts In This Adventure Race! üí™",Tn8ClLFcSYI,https://i.ytimg.com/vi/Tn8ClLFcSYI/mqdefault.jpg,2025-02-27T17:00:35Z
UCJVMrR290HU9pDxaP35u_cg,13 Things I wish I knew Before Running My First Marathon,QthgA4D_6uU,https://i.ytimg.com/vi/QthgA4D_6uU/mqdefault.jpg,2025-02-27T14:39:45Z
UCJVMrR290HU9pDxaP35u_cg,Take Race Day Conditions Into Account! ‚òîÔ∏èüåû,UXNLyg75Ems,https://i.ytimg.com/vi/UXNLyg75Ems/mqdefault.jpg,2025-02-26T17:00:41Z
UCJVMrR290HU9pDxaP35u_cg,Nike&#39;s Crazy New Patent &amp; Too Early To Train In Spring? | GTN Show Ep. 394,A7mThuTcEUk,https://i.ytimg.com/vi/A7mThuTcEUk/mqdefault.jpg,2025-02-25T17:13:54Z
UCJVMrR290HU9pDxaP35u_cg,Dealing With Shin Pain? ü¶µ Try This Stretch! It Helps Relieve Shin Discomfort! üèÉ‚Äç‚ôÄÔ∏è,yYHumzAENYk,https://i.ytimg.com/vi/yYHumzAENYk/mqdefault.jpg,2025-02-25T17:01:10Z
UCJVMrR290HU9pDxaP35u_cg,üî• This Tip Will Make You Swim FASTER! üèäüí®,5ILrArquYHw,https://i.ytimg.com/vi/5ILrArquYHw/mqdefault.jpg,2025-02-24T17:00:06Z
UCJVMrR290HU9pDxaP35u_cg,Can We Survive A Winter Adventure Race?,zWjrGUGdSBY,https://i.ytimg.com/vi/zWjrGUGdSBY/mqdefault.jpg,2025-02-23T10:00:59Z
UCJVMrR290HU9pDxaP35u_cg,üèÜ A New World Record! üèÜ,DcaXTasEX3A,https://i.ytimg.com/vi/DcaXTasEX3A/mqdefault.jpg,2025-02-22T17:00:12Z
UCJVMrR290HU9pDxaP35u_cg,Shin Splints | Fix Shin Pain From Running,M-LFEtmLnnA,https://i.ytimg.com/vi/M-LFEtmLnnA/mqdefault.jpg,2025-02-20T13:00:23Z
UCJVMrR290HU9pDxaP35u_cg,Is Zone 3 Training A Waste Of Time?,GC_Ycvn1MEM,https://i.ytimg.com/vi/GC_Ycvn1MEM/mqdefault.jpg,2023-05-20T09:00:08Z
UCjx2dRZxwnSVBNONIBOGQ1Q,Audra Tassone-Indeck: Ironman Foundation: Breakfast with Bob 2025,r2B4gddrtSs,https://i.ytimg.com/vi/r2B4gddrtSs/mqdefault.jpg,2025-02-25T15:20:08Z
UCjx2dRZxwnSVBNONIBOGQ1Q,Craig Alexander: Breakfast with Bob from Taupo 2024,jEUUnjB-k0E,https://i.ytimg.com/vi/jEUUnjB-k0E/mqdefault.jpg,2024-12-11T22:48:42Z
UCjx2dRZxwnSVBNONIBOGQ1Q,Matthew Marquardt: Breakfast with Bob from Taupo 2024,S7h0nOc9rBI,https://i.ytimg.com/vi/S7h0nOc9rBI/mqdefault.jpg,2024-12-09T18:03:25Z
UCjx2dRZxwnSVBNONIBOGQ1Q,Taylor Knibb: Breakfast with Bob from Taupo 2024,6kBnOZiURRc,https://i.ytimg.com/vi/6kBnOZiURRc/mqdefault.jpg,2024-12-09T05:33:39Z
UCjx2dRZxwnSVBNONIBOGQ1Q,Patrick Lange: Breakfast with Bob from Kona 2024: Championship Edition,IM9bJbEj8tk,https://i.ytimg.com/vi/IM9bJbEj8tk/mqdefault.jpg,2024-10-27T21:49:09Z
UCjx2dRZxwnSVBNONIBOGQ1Q,Magnus Ditlev: Breakfast with Bob from Kona 2024: Championship Edition,IRyhJT6POBI,https://i.ytimg.com/vi/IRyhJT6POBI/mqdefault.jpg,2024-10-27T19:50:53Z
UCjx2dRZxwnSVBNONIBOGQ1Q,Leon Chevalier: Breakfast with Bob from Kona 2024,CB-symmcsrY,https://i.ytimg.com/vi/CB-symmcsrY/mqdefault.jpg,2024-10-23T21:42:14Z
UCjx2dRZxwnSVBNONIBOGQ1Q,Jan Frodeno: Breakfast with Bob from Kona 2024,1wst-cC8R10,https://i.ytimg.com/vi/1wst-cC8R10/mqdefault.jpg,2024-10-23T19:36:55Z
UCjx2dRZxwnSVBNONIBOGQ1Q,Sam Laidlow: Breakfast with Bob from Kona 2024,uoChitK4pTo,https://i.ytimg.com/vi/uoChitK4pTo/mqdefault.jpg,2024-10-22T18:12:41Z
UCjx2dRZxwnSVBNONIBOGQ1Q,Patrick Lange: Breakfast with Bob from Kona 2024,m7gLF9hSMpk,https://i.ytimg.com/vi/m7gLF9hSMpk/mqdefault.jpg,2024-10-21T21:13:29Z
UCuGZGcO5LvIH4u9g_2ZsHGQ,Unlock Your Athletic Potential: Finding Your Ideal Load,FvdcPw405rY,https://i.ytimg.com/vi/FvdcPw405rY/mqdefault.jpg,2025-02-26T15:03:31Z
UCuGZGcO5LvIH4u9g_2ZsHGQ,Essential Nutrition Tips for Bike and Run Training,mDzX2RS8UUY,https://i.ytimg.com/vi/mDzX2RS8UUY/mqdefault.jpg,2025-02-25T22:58:25Z
UCuGZGcO5LvIH4u9g_2ZsHGQ,Work is WORK,gy_F0bWN7FA,https://i.ytimg.com/vi/gy_F0bWN7FA/mqdefault.jpg,2025-02-25T12:57:28Z
UCuGZGcO5LvIH4u9g_2ZsHGQ,Shocking Calorie Truth! üçî How Many Do I Eat? ü§Ø,Qx31ooDa-gc,https://i.ytimg.com/vi/Qx31ooDa-gc/mqdefault.jpg,2025-02-24T22:57:28Z
UCuGZGcO5LvIH4u9g_2ZsHGQ,Mastering Endurance: The Art of Balancing Training Volume,zhvnjA4IkgU,https://i.ytimg.com/vi/zhvnjA4IkgU/mqdefault.jpg,2025-02-24T14:05:09Z
UCuGZGcO5LvIH4u9g_2ZsHGQ,Volume is King? // Volume vs Intensity,IasSG06YNyw,https://i.ytimg.com/vi/IasSG06YNyw/mqdefault.jpg,2025-02-22T21:23:10Z
UCuGZGcO5LvIH4u9g_2ZsHGQ,Rate my food,WMu3TCgfj54,https://i.ytimg.com/vi/WMu3TCgfj54/mqdefault.jpg,2025-02-21T18:17:31Z
UCuGZGcO5LvIH4u9g_2ZsHGQ,"Fast, Furious, and Unfiltered: The Shootout",dxRjTahXtks,https://i.ytimg.com/vi/dxRjTahXtks/mqdefault.jpg,2025-02-14T13:00:51Z
UCuGZGcO5LvIH4u9g_2ZsHGQ,Nutrition talk,kOiJtV3fMXc,https://i.ytimg.com/vi/kOiJtV3fMXc/mqdefault.jpg,2025-02-11T23:03:58Z
UCuGZGcO5LvIH4u9g_2ZsHGQ,Sam Long&#39;s 2025 Race Schedule Unveiled // IRONMAN World Champs Focus,TrhV2aZIjrQ,https://i.ytimg.com/vi/TrhV2aZIjrQ/mqdefault.jpg,2025-02-06T13:00:44Z
UCUlPrWg9Ef-IGsKRfDCPPew,2025 ANZCO Foods IRONMAN New Zealand,HDF6kiZ4yqI,https://i.ytimg.com/vi/HDF6kiZ4yqI/mqdefault_live.jpg,2025-02-25T07:27:26Z
UCUlPrWg9Ef-IGsKRfDCPPew,2025 ANZCO Foods IRONMAN 70.3 New Zealand,jpEgcU-A36E,https://i.ytimg.com/vi/jpEgcU-A36E/mqdefault_live.jpg,2025-02-25T07:24:49Z
UCUlPrWg9Ef-IGsKRfDCPPew,The IRONMAN Pro Series Is Back | Every Second Matters,900a-MfuhXk,https://i.ytimg.com/vi/900a-MfuhXk/mqdefault.jpg,2025-02-24T16:30:34Z
UCUlPrWg9Ef-IGsKRfDCPPew,IRONMAN Insider (Audio) | Episode 19 with Laura Philipp,Xx18DkPzWUc,https://i.ytimg.com/vi/Xx18DkPzWUc/mqdefault.jpg,2025-02-24T15:35:01Z
UCUlPrWg9Ef-IGsKRfDCPPew,IRONMAN Insider (Video) | Episode 19 with Laura Philipp,TmW33NATDc0,https://i.ytimg.com/vi/TmW33NATDc0/mqdefault.jpg,2025-02-24T15:00:41Z
UCUlPrWg9Ef-IGsKRfDCPPew,Leading an IRONMAN World Championship never looked so effortlessüòç,_hkHF_2UUiY,https://i.ytimg.com/vi/_hkHF_2UUiY/mqdefault.jpg,2024-10-26T23:36:44Z
UCUlPrWg9Ef-IGsKRfDCPPew,Patrick Lange is moving his way up the ranks early on the run.,IjjltI0ILvk,https://i.ytimg.com/vi/IjjltI0ILvk/mqdefault.jpg,2024-10-26T22:14:01Z
UCUlPrWg9Ef-IGsKRfDCPPew,5 minutes is the deficit for Lionel Sandersü¶Å,q7qLh2PHB3s,https://i.ytimg.com/vi/q7qLh2PHB3s/mqdefault.jpg,2024-10-26T17:53:12Z
UCUlPrWg9Ef-IGsKRfDCPPew,"Body Marking Show | 2024 VinFast IRONMAN World Championship, Kona, Men&#39;s Edition",N7jBvsTLyEc,https://i.ytimg.com/vi/N7jBvsTLyEc/mqdefault.jpg,2024-10-26T15:50:22Z
UCUlPrWg9Ef-IGsKRfDCPPew,"Pre-Race Pro Press Conference | 2024 VinFast IRONMAN World Championship, Kona, Men&#39;s Edition",roJUbYDr4W4,https://i.ytimg.com/vi/roJUbYDr4W4/mqdefault.jpg,2024-10-24T22:26:07Z
UCITB6kXrkXZBD9e_sHCVE1Q,A real life superhero ü•π,yaxFOwbBJ2I,https://i.ytimg.com/vi/yaxFOwbBJ2I/mqdefault.jpg,2025-02-26T17:16:01Z
UCITB6kXrkXZBD9e_sHCVE1Q,Olympic Champ to Rookie | Flora Duffy Steps Up,RFzw7uMmZUQ,https://i.ytimg.com/vi/RFzw7uMmZUQ/mqdefault.jpg,2025-02-15T16:00:22Z
UCITB6kXrkXZBD9e_sHCVE1Q,Serving time in the penalty box üò≥,n6XNhCVI3Q0,https://i.ytimg.com/vi/n6XNhCVI3Q0/mqdefault.jpg,2025-02-14T16:59:08Z
UCITB6kXrkXZBD9e_sHCVE1Q,The power of a positive mindset ‚ú®,XEmAEixcXwI,https://i.ytimg.com/vi/XEmAEixcXwI/mqdefault.jpg,2025-02-11T22:07:07Z
UCITB6kXrkXZBD9e_sHCVE1Q,The Day Sam Laidlow Proved Everyone Wrong (Including Himself),WAmHNxcruvk,https://i.ytimg.com/vi/WAmHNxcruvk/mqdefault.jpg,2025-02-08T14:00:37Z
UCITB6kXrkXZBD9e_sHCVE1Q,Triathlon Redefined for EVERY ATHLETE | T100 Triathlon World Tour,Z5uv3kA_6xI,https://i.ytimg.com/vi/Z5uv3kA_6xI/mqdefault.jpg,2025-02-06T15:48:53Z
UCITB6kXrkXZBD9e_sHCVE1Q,This is harder than it looks üòú,ZMl0t_iii9U,https://i.ytimg.com/vi/ZMl0t_iii9U/mqdefault.jpg,2025-02-03T20:12:42Z
UCITB6kXrkXZBD9e_sHCVE1Q,Quick change üîÑ,QbG0rQT9cis,https://i.ytimg.com/vi/QbG0rQT9cis/mqdefault.jpg,2025-01-31T18:02:59Z
UCITB6kXrkXZBD9e_sHCVE1Q,Pure class üëè,EeS01MFBGeg,https://i.ytimg.com/vi/EeS01MFBGeg/mqdefault.jpg,2025-01-28T22:37:17Z
UCITB6kXrkXZBD9e_sHCVE1Q,Conquering The Swim | Sam Long&#39;s Battle,ZN1OPgHUfEE,https://i.ytimg.com/vi/ZN1OPgHUfEE/mqdefault.jpg,2025-01-25T17:00:41Z
UC9GTUpGeWTxRdtAK6Jg_Jsw,Lionel Sanders LEGENDARY Arena Games Bike Ride!,RwflsDU7j9k,https://i.ytimg.com/vi/RwflsDU7j9k/mqdefault.jpg,2025-02-25T14:49:02Z
UC9GTUpGeWTxRdtAK6Jg_Jsw,Cassandre Beaugrand VS Beth Potter In EPIC Battle for World Title,B5FnFcwW4PE,https://i.ytimg.com/vi/B5FnFcwW4PE/mqdefault.jpg,2025-02-20T10:12:32Z
UC9GTUpGeWTxRdtAK6Jg_Jsw,Was this a good transition?,fH7D2alRSNA,https://i.ytimg.com/vi/fH7D2alRSNA/mqdefault.jpg,2025-02-17T14:16:05Z
UC9GTUpGeWTxRdtAK6Jg_Jsw,This finish üî•üî•üî•,CB1_Nih1MWE,https://i.ytimg.com/vi/CB1_Nih1MWE/mqdefault.jpg,2025-02-11T13:46:45Z
UC9GTUpGeWTxRdtAK6Jg_Jsw,Cold with it ü•∂,wV_0Q0Mm5y0,https://i.ytimg.com/vi/wV_0Q0Mm5y0/mqdefault.jpg,2025-02-06T17:47:19Z
UC9GTUpGeWTxRdtAK6Jg_Jsw,How long was this?,CD9j-YCh6ZA,https://i.ytimg.com/vi/CD9j-YCh6ZA/mqdefault.jpg,2025-02-06T17:45:01Z
UC9GTUpGeWTxRdtAK6Jg_Jsw,That kick üî•üî•,VFAhhRM-ENg,https://i.ytimg.com/vi/VFAhhRM-ENg/mqdefault.jpg,2025-02-06T17:44:29Z
UC9GTUpGeWTxRdtAK6Jg_Jsw,Have you ever done this before?,RK7QZbPZj7w,https://i.ytimg.com/vi/RK7QZbPZj7w/mqdefault.jpg,2025-01-30T15:43:56Z
UC9GTUpGeWTxRdtAK6Jg_Jsw,Spot the difference...,4NSb56MVwDs,https://i.ytimg.com/vi/4NSb56MVwDs/mqdefault.jpg,2025-01-21T16:00:04Z
UC9GTUpGeWTxRdtAK6Jg_Jsw,Transition Supertri E style!,GQPDd9yZLlY,https://i.ytimg.com/vi/GQPDd9yZLlY/mqdefault.jpg,2025-01-21T11:30:32Z
UC54u52Zmy0Os2RJihw2FiwA,The Best Cyclists in Triathlon | Past and Present,uhkMJ_Crl7w,https://i.ytimg.com/vi/uhkMJ_Crl7w/mqdefault.jpg,2025-02-27T07:00:38Z
UC54u52Zmy0Os2RJihw2FiwA,How well do you know the sport? | The Daily Tri Quiz #2,F8zbJ9tB1K0,https://i.ytimg.com/vi/F8zbJ9tB1K0/mqdefault.jpg,2025-02-19T17:30:06Z
UC54u52Zmy0Os2RJihw2FiwA,Test your Triathlon Knowledge - the first-ever Pro Triathlon Quiz!,KZjeLsEuWhs,https://i.ytimg.com/vi/KZjeLsEuWhs/mqdefault.jpg,2025-01-31T18:00:14Z
UC54u52Zmy0Os2RJihw2FiwA,If I could change 10 things about professional triathlon...,NQJBA9mJq5w,https://i.ytimg.com/vi/NQJBA9mJq5w/mqdefault.jpg,2025-01-29T06:01:54Z
UC54u52Zmy0Os2RJihw2FiwA,"2025 Starts now! \\ The T100 Roster, My Predictions, and Who to Watch",5ll8sjck9RY,https://i.ytimg.com/vi/5ll8sjck9RY/mqdefault.jpg,2025-01-24T05:00:04Z
UC54u52Zmy0Os2RJihw2FiwA,The 2024 Triathlon Season Awards,RXAQJVwkQ5M,https://i.ytimg.com/vi/RXAQJVwkQ5M/mqdefault.jpg,2025-01-01T01:36:17Z
UC54u52Zmy0Os2RJihw2FiwA,Triathlon | The Greatest Sport on Earth |,CijB4__veeQ,https://i.ytimg.com/vi/CijB4__veeQ/mqdefault.jpg,2024-12-24T17:07:44Z
UC54u52Zmy0Os2RJihw2FiwA,Ironman 70.3 World Championship Taup≈ç | Preview and Predictions,wbtBtejNv6U,https://i.ytimg.com/vi/wbtBtejNv6U/mqdefault.jpg,2024-12-11T09:01:02Z
UC54u52Zmy0Os2RJihw2FiwA,Ironman 70.3 Western Australia Highlights | Ironman Pro Series,QwRUnbu6_sI,https://i.ytimg.com/vi/QwRUnbu6_sI/mqdefault.jpg,2024-12-01T08:15:01Z
UC54u52Zmy0Os2RJihw2FiwA,"T100 Grand final IS bigger than 70.3 Worlds, Pro Series dropoffs, and two BIG names for the Future‚Ä¶üëÄ",HszDk6ms6N0,https://i.ytimg.com/vi/HszDk6ms6N0/mqdefault.jpg,2024-11-14T10:00:26Z
UCRzwfX1kxKTyb6IeZpik9OQ,Unboxing the new Canyon AEROAD,Yq0_cTzt6Gs,https://i.ytimg.com/vi/Yq0_cTzt6Gs/mqdefault.jpg,2024-12-22T18:00:31Z
UCRzwfX1kxKTyb6IeZpik9OQ,Why I choose MET to protect my HEAD.,gPehmt4oSzY,https://i.ytimg.com/vi/gPehmt4oSzY/mqdefault.jpg,2024-12-10T18:00:33Z
UCRzwfX1kxKTyb6IeZpik9OQ,ü´°,NM5BCblFJh8,https://i.ytimg.com/vi/NM5BCblFJh8/mqdefault.jpg,2024-12-09T09:24:56Z
UCRzwfX1kxKTyb6IeZpik9OQ,Wise words from Mark Cuban ü§åüèº,m3o-C1L7Fo8,https://i.ytimg.com/vi/m3o-C1L7Fo8/mqdefault.jpg,2024-11-30T19:20:41Z
UCRzwfX1kxKTyb6IeZpik9OQ,Back to work. üöÄ,LaXj4uKbeKs,https://i.ytimg.com/vi/LaXj4uKbeKs/mqdefault.jpg,2024-11-26T14:08:08Z
UCRzwfX1kxKTyb6IeZpik9OQ,Some helpful thoughts. Maybe they can help you as well.,neZZoopzBkQ,https://i.ytimg.com/vi/neZZoopzBkQ/mqdefault.jpg,2024-11-11T08:23:40Z
UCRzwfX1kxKTyb6IeZpik9OQ,Failure is the foundation of success. I‚Äôm bouncing back. #triathlete #cycling #swimming #running,n_1E2tu-tMY,https://i.ytimg.com/vi/n_1E2tu-tMY/mqdefault.jpg,2024-11-05T14:57:25Z
UCRzwfX1kxKTyb6IeZpik9OQ,Heartbreak in Kona,0GD4yxQ0XXo,https://i.ytimg.com/vi/0GD4yxQ0XXo/mqdefault.jpg,2024-10-29T17:27:00Z
UCRzwfX1kxKTyb6IeZpik9OQ,My FINAL thoughts before Race Day!,_Hru6e7GrE0,https://i.ytimg.com/vi/_Hru6e7GrE0/mqdefault.jpg,2024-10-26T06:57:41Z
UCRzwfX1kxKTyb6IeZpik9OQ,The REAL STRIKER press conference,zSmZecr19K8,https://i.ytimg.com/vi/zSmZecr19K8/mqdefault.jpg,2024-10-25T06:57:40Z
UCS9H2SIvJnH47tDUwCb0Ixw,"The Norwegian Method Podcast - Olav Aleksander Bu, Annual Training Plans",JvnHjArUeHs,https://i.ytimg.com/vi/JvnHjArUeHs/mqdefault.jpg,2025-02-27T17:00:31Z
UCS9H2SIvJnH47tDUwCb0Ixw,Gustav &amp; Kristian - Nice Training Camp,aDHJ3CMdUN0,https://i.ytimg.com/vi/aDHJ3CMdUN0/mqdefault.jpg,2025-02-20T17:00:00Z
UCS9H2SIvJnH47tDUwCb0Ixw,The Norwegian Method - Season 2 Episode 3 - Gustav &amp; Kristian Reflect on 2024,_oqkW2A_WV0,https://i.ytimg.com/vi/_oqkW2A_WV0/mqdefault.jpg,2024-12-29T17:00:27Z
UCS9H2SIvJnH47tDUwCb0Ixw,What Are the Limits of Sustainable Energy Expenditure?,KgPZV37qMGU,https://i.ytimg.com/vi/KgPZV37qMGU/mqdefault.jpg,2024-12-13T08:59:22Z
UCS9H2SIvJnH47tDUwCb0Ixw,Olav - Uno-X Mobility,-Hqw8gvlUnc,https://i.ytimg.com/vi/-Hqw8gvlUnc/mqdefault.jpg,2024-12-05T12:26:57Z
UCS9H2SIvJnH47tDUwCb0Ixw,Santara Tech Cribs - Gustav Iden House Tour,Tpc4266pKuM,https://i.ytimg.com/vi/Tpc4266pKuM/mqdefault.jpg,2024-11-28T18:27:00Z
UCS9H2SIvJnH47tDUwCb0Ixw,Kristian &amp; Gustav - Post Kona Debrief,gkH6U8hRVNM,https://i.ytimg.com/vi/gkH6U8hRVNM/mqdefault.jpg,2024-11-21T16:35:18Z
UCS9H2SIvJnH47tDUwCb0Ixw,The Norwegian Method - Season 2 Episode 2 - Kristian and Gustav&#39;s Altitude Training Camp,8v3bsfggDAc,https://i.ytimg.com/vi/8v3bsfggDAc/mqdefault.jpg,2024-10-21T16:42:02Z
UCS9H2SIvJnH47tDUwCb0Ixw,TNM Podcast S2E11 Kristian Blummenfelt Ironman Frankfurt Special,eufjmf-YQOc,https://i.ytimg.com/vi/eufjmf-YQOc/mqdefault.jpg,2024-09-04T16:02:58Z
UCS9H2SIvJnH47tDUwCb0Ixw,TNM Podcast S2E10 - Kristian Blummenfelt - Olympic recap special,RzdN_Lujj8I,https://i.ytimg.com/vi/RzdN_Lujj8I/mqdefault.jpg,2024-08-15T16:00:31Z
UC9jBSAEPF5egz7S2dT7zxEQ,UNC&#39;s Ben Delmar on Men&#39;s ACC Success: &quot;We achieved our goal as a team&quot;,s1SVCxXMH2A,https://i.ytimg.com/vi/s1SVCxXMH2A/mqdefault.jpg,2025-02-26T15:01:25Z
UC9jBSAEPF5egz7S2dT7zxEQ,Miami&#39;s Giulia Carvalho on Making ACC A-Final in 100 Fly: &quot;I just wanted to have fun&quot;,bZqXEFpaDJ0,https://i.ytimg.com/vi/bZqXEFpaDJ0/mqdefault.jpg,2025-02-25T22:00:26Z
UC9jBSAEPF5egz7S2dT7zxEQ,Fitter and Faster CEO David Arluck Adds Massive Support and Vision To College Swimming,knSuU5haVcs,https://i.ytimg.com/vi/knSuU5haVcs/mqdefault.jpg,2025-02-25T16:35:31Z
UC9jBSAEPF5egz7S2dT7zxEQ,Aurora Roghair on First ACCs: &quot;The extra day is really throwing me off&quot;,gGk0KqoHbSU,https://i.ytimg.com/vi/gGk0KqoHbSU/mqdefault.jpg,2025-02-25T16:00:43Z
UC9jBSAEPF5egz7S2dT7zxEQ,Katie Grimes on 200 Fly/Back as Potential 3rd Event: &quot;I haven&#39;t really been sure about the mile&quot;,rBWKVi0E_eQ,https://i.ytimg.com/vi/rBWKVi0E_eQ/mqdefault.jpg,2025-02-25T11:30:38Z
UC9jBSAEPF5egz7S2dT7zxEQ,"SEC, ACC, &amp; Women&#39;s B1G Review | SWIMSWAM BREAKDOWN",naMY5cKQabU,https://i.ytimg.com/vi/naMY5cKQabU/mqdefault.jpg,2025-02-25T03:07:16Z
UC9jBSAEPF5egz7S2dT7zxEQ,Andrei Minakov on First ACC Championships: &quot;I enjoyed every second of it&quot;,zw8RX-Cj4vE,https://i.ytimg.com/vi/zw8RX-Cj4vE/mqdefault.jpg,2025-02-25T00:05:02Z
UC9jBSAEPF5egz7S2dT7zxEQ,100 Breast ACC Champ Kaelyn Gridley: &quot;Competing has gone a lot more smoothly&quot;,WQ-igvsWB4w,https://i.ytimg.com/vi/WQ-igvsWB4w/mqdefault.jpg,2025-02-24T17:29:38Z
UC9jBSAEPF5egz7S2dT7zxEQ,Gretchen Walsh on Last ACC Champs: &quot;I feel like It hit me half way through the meet&quot;,2vmjVrZpuFo,https://i.ytimg.com/vi/2vmjVrZpuFo/mqdefault.jpg,2025-02-24T11:00:06Z
UC9jBSAEPF5egz7S2dT7zxEQ,"Owen Lloyd Discusses Redemption 1,650 Win at ACC Champs After Controversial DQ Last Year",FxCa51__sxo,https://i.ytimg.com/vi/FxCa51__sxo/mqdefault.jpg,2025-02-23T22:00:09Z
UCMv-CGWRT5yVMFXjRJmBVOw,Passion Project Walkthrough,u7U6seIrYwU,https://i.ytimg.com/vi/u7U6seIrYwU/mqdefault.jpg,2020-03-15T14:08:22Z
UCP6EsU9T2RykT1quNR5moeg,Ohana | Ironman Kona Hawaii 2024 - Sam Laidlow Documentary N¬∞2,QQnxuhrrogA,https://i.ytimg.com/vi/QQnxuhrrogA/mqdefault.jpg,2024-12-29T18:30:06Z
UCP6EsU9T2RykT1quNR5moeg,FASTEST BIKE ON THE PLANET / Aero Testing with Sam Laidlow,AImUhZT9riw,https://i.ytimg.com/vi/AImUhZT9riw/mqdefault.jpg,2024-10-09T16:00:15Z
UCP6EsU9T2RykT1quNR5moeg,ROAD TO KONA üå∫(Can I defend my title?),MVe4unKqUh0,https://i.ytimg.com/vi/MVe4unKqUh0/mqdefault.jpg,2024-09-08T07:00:12Z
UCP6EsU9T2RykT1quNR5moeg,Sortie longue avec le Champion du Monde,Cmy8oC4WsBE,https://i.ytimg.com/vi/Cmy8oC4WsBE/mqdefault.jpg,2024-08-14T16:00:17Z
UCP6EsU9T2RykT1quNR5moeg,Watch Sam Laidlow Race Live | London T100,9jUS3crLwF0,https://i.ytimg.com/vi/9jUS3crLwF0/mqdefault.jpg,2024-07-28T17:24:51Z
UCP6EsU9T2RykT1quNR5moeg,London T100 Women&#39;s Race Live,7qLWKSZ3ULE,https://i.ytimg.com/vi/7qLWKSZ3ULE/mqdefault.jpg,2024-07-27T17:35:37Z
UCP6EsU9T2RykT1quNR5moeg,GAME OVER  (IRONMAN VITORIA-GASTEIZ Race Video),cXajxOdExBM,https://i.ytimg.com/vi/cXajxOdExBM/mqdefault.jpg,2024-07-22T14:36:05Z
UCP6EsU9T2RykT1quNR5moeg,Ironman Training Day with Sam Laidlow (170k ride + run),uCUFNH9xqGQ,https://i.ytimg.com/vi/uCUFNH9xqGQ/mqdefault.jpg,2024-07-09T18:00:33Z
UCP6EsU9T2RykT1quNR5moeg,Don‚Äôt drink and drive.,L64XEPz0vPM,https://i.ytimg.com/vi/L64XEPz0vPM/mqdefault.jpg,2024-06-03T15:42:54Z
UCP6EsU9T2RykT1quNR5moeg,Imagine a world without lycra and deep rims.,O6CkSSGMAaM,https://i.ytimg.com/vi/O6CkSSGMAaM/mqdefault.jpg,2024-05-27T11:59:45Z
UCXEsrQcmNK6gCAVSmhoIYZw,My 2025 Race Season Plans Revealed!,QCmS3iA_T_U,https://i.ytimg.com/vi/QCmS3iA_T_U/mqdefault.jpg,2025-02-27T10:34:25Z
UCXEsrQcmNK6gCAVSmhoIYZw,"Why You Need A Bike Fit! - More Speed, Less Effort!",zNW5JINs_ig,https://i.ytimg.com/vi/zNW5JINs_ig/mqdefault.jpg,2025-02-16T14:45:43Z
UCXEsrQcmNK6gCAVSmhoIYZw,PRO Triathlete Winter Training Day,Hh9kPZ8mScc,https://i.ytimg.com/vi/Hh9kPZ8mScc/mqdefault.jpg,2025-02-09T16:18:21Z
UCXEsrQcmNK6gCAVSmhoIYZw,How I Went From Ranked 105th To 47th In The World In 12 Months,st8EDbCAMuY,https://i.ytimg.com/vi/st8EDbCAMuY/mqdefault.jpg,2025-01-28T17:21:18Z
UCXEsrQcmNK6gCAVSmhoIYZw,A BIG Race Opportunity This Season,idrNRAZfe0g,https://i.ytimg.com/vi/idrNRAZfe0g/mqdefault.jpg,2025-01-13T17:53:23Z
UCXEsrQcmNK6gCAVSmhoIYZw,How Much Fitness Have I lost? Off Season Struggles!,x9IzUrlKCy8,https://i.ytimg.com/vi/x9IzUrlKCy8/mqdefault.jpg,2025-01-11T11:27:27Z
UCXEsrQcmNK6gCAVSmhoIYZw,IRONMAN 70.3 WORLD CHAMPS 2024 RACE RECAP,hJTmqY7utrI,https://i.ytimg.com/vi/hJTmqY7utrI/mqdefault.jpg,2024-12-22T16:02:56Z
UCXEsrQcmNK6gCAVSmhoIYZw,My Ironman 70.3 World Champs Bike Set-Up,y0Dl8tqRifQ,https://i.ytimg.com/vi/y0Dl8tqRifQ/mqdefault.jpg,2024-12-11T05:10:30Z
UCXEsrQcmNK6gCAVSmhoIYZw,Prep For The Ironman 70.3 World Champs,e0BK6UZsgkw,https://i.ytimg.com/vi/e0BK6UZsgkw/mqdefault.jpg,2024-12-05T20:03:50Z
UCXEsrQcmNK6gCAVSmhoIYZw,Changing My Bike Set-Up For Ironman 70.3 World Champs,X4KLc6tJlms,https://i.ytimg.com/vi/X4KLc6tJlms/mqdefault.jpg,2024-11-19T14:27:00Z
UC0VKd5PFrhj-qsnWw8VVmyQ,PRO Ironman Does Last BIG RUN Session before IRONMAN NEW ZEALAND!,78gfR_UR4Ss,https://i.ytimg.com/vi/78gfR_UR4Ss/mqdefault.jpg,2025-02-21T21:05:30Z
UC0VKd5PFrhj-qsnWw8VVmyQ,400M But Each Rep I Get FASTER!,vU7Yy0NCmbs,https://i.ytimg.com/vi/vU7Yy0NCmbs/mqdefault.jpg,2025-02-05T20:32:22Z
UC0VKd5PFrhj-qsnWw8VVmyQ,Stay Hard! #ironman,WtRzuiMtjlA,https://i.ytimg.com/vi/WtRzuiMtjlA/mqdefault.jpg,2025-01-17T08:29:59Z
UC0VKd5PFrhj-qsnWw8VVmyQ,3 Days In January... In the life of a PRO TRIATHLETE!,XFPXatPPcy8,https://i.ytimg.com/vi/XFPXatPPcy8/mqdefault.jpg,2025-01-11T08:00:23Z
UC0VKd5PFrhj-qsnWw8VVmyQ,Double Alpha/Double Threshold! #ironman,5-RNPcmc5TE,https://i.ytimg.com/vi/5-RNPcmc5TE/mqdefault.jpg,2024-12-22T09:41:59Z
UC0VKd5PFrhj-qsnWw8VVmyQ,Who cares about what other people think! #triathlon,_-yO_tjnOAM,https://i.ytimg.com/vi/_-yO_tjnOAM/mqdefault.jpg,2024-12-20T02:34:47Z
UC0VKd5PFrhj-qsnWw8VVmyQ,PRO IRONMAN vs HYROX! THE SEQUEL!,eGpDqRYmnFM,https://i.ytimg.com/vi/eGpDqRYmnFM/mqdefault.jpg,2024-12-12T18:00:32Z
UC0VKd5PFrhj-qsnWw8VVmyQ,I&#39;m a hybrid athlete now #hyrox,XazIN3dDP6A,https://i.ytimg.com/vi/XazIN3dDP6A/mqdefault.jpg,2024-12-10T08:32:31Z
UC0VKd5PFrhj-qsnWw8VVmyQ,Box ticked ‚úÖÔ∏è #ironman,_iII0XC_9FI,https://i.ytimg.com/vi/_iII0XC_9FI/mqdefault.jpg,2024-12-09T11:08:59Z
UC0VKd5PFrhj-qsnWw8VVmyQ,Winter Training Update | CROSS COUNTRY SESSION!,e34jirSYzGA,https://i.ytimg.com/vi/e34jirSYzGA/mqdefault.jpg,2024-11-29T08:16:15Z
